-- phpMyAdmin SQL Dump
-- version 4.9.5
-- https://www.phpmyadmin.net/
--
-- Host: 127.0.0.1
-- Generation Time: 26 พ.ค. 2021 เมื่อ 03:02 AM
-- เวอร์ชันของเซิร์ฟเวอร์: 10.4.15-MariaDB
-- PHP Version: 7.2.34

SET SQL_MODE = "NO_AUTO_VALUE_ON_ZERO";
SET AUTOCOMMIT = 0;
START TRANSACTION;
SET time_zone = "+00:00";


/*!40101 SET @OLD_CHARACTER_SET_CLIENT=@@CHARACTER_SET_CLIENT */;
/*!40101 SET @OLD_CHARACTER_SET_RESULTS=@@CHARACTER_SET_RESULTS */;
/*!40101 SET @OLD_COLLATION_CONNECTION=@@COLLATION_CONNECTION */;
/*!40101 SET NAMES utf8mb4 */;

--
-- Database: `u134026110_thing`
--

-- --------------------------------------------------------

--
-- โครงสร้างตาราง `access_result`
--

CREATE TABLE `access_result` (
  `access_result_id` int(11) NOT NULL,
  `indicator_result_indicator_result_ID` int(11) NOT NULL,
  `indicator_result_year_year_id` int(11) NOT NULL,
  `user_employee_all_idemployee_all` int(11) NOT NULL,
  `Employee_id_employee` int(11) NOT NULL,
  `Employee_id_position` int(11) NOT NULL,
  `Employee_id_department` int(11) NOT NULL,
  `created_at` timestamp NOT NULL DEFAULT current_timestamp(),
  `updated_at` timestamp NOT NULL DEFAULT current_timestamp() ON UPDATE current_timestamp()
) ENGINE=InnoDB DEFAULT CHARSET=utf8;

--
-- dump ตาราง `access_result`
--

INSERT INTO `access_result` (`access_result_id`, `indicator_result_indicator_result_ID`, `indicator_result_year_year_id`, `user_employee_all_idemployee_all`, `Employee_id_employee`, `Employee_id_position`, `Employee_id_department`, `created_at`, `updated_at`) VALUES
(33, 44, 2, 0, 8, 0, 0, '2021-05-13 05:24:27', '2021-05-13 05:24:27'),
(34, 45, 2, 0, 8, 0, 0, '2021-05-13 05:25:13', '2021-05-13 05:25:13'),
(35, 46, 2, 0, 8, 0, 0, '2021-05-13 05:26:52', '2021-05-13 05:26:52'),
(36, 47, 2, 0, 8, 0, 0, '2021-05-13 05:27:31', '2021-05-13 05:27:31'),
(37, 48, 2, 0, 8, 0, 0, '2021-05-13 05:28:05', '2021-05-13 05:28:05'),
(38, 49, 2, 0, 20, 0, 0, '2021-05-13 05:29:26', '2021-05-13 05:29:26'),
(39, 50, 2, 0, 8, 0, 0, '2021-05-13 05:30:11', '2021-05-13 05:30:11'),
(40, 51, 2, 0, 8, 0, 0, '2021-05-13 05:30:51', '2021-05-13 05:30:51'),
(41, 52, 2, 0, 8, 0, 0, '2021-05-13 05:31:19', '2021-05-13 05:31:19'),
(42, 53, 2, 0, 8, 0, 0, '2021-05-13 05:31:43', '2021-05-13 05:31:43'),
(43, 54, 2, 0, 8, 0, 0, '2021-05-13 05:32:31', '2021-05-13 05:32:31'),
(44, 55, 2, 0, 28, 0, 0, '2021-05-13 05:34:04', '2021-05-13 05:34:04'),
(45, 56, 2, 0, 3, 0, 0, '2021-05-13 05:34:27', '2021-05-13 05:34:27'),
(46, 57, 2, 0, 3, 0, 0, '2021-05-13 05:34:52', '2021-05-13 05:34:52'),
(47, 58, 2, 0, 20, 0, 0, '2021-05-13 05:35:52', '2021-05-13 05:35:52'),
(48, 59, 2, 0, 8, 0, 0, '2021-05-13 05:36:42', '2021-05-13 05:36:42'),
(49, 60, 2, 0, 8, 0, 0, '2021-05-13 07:17:51', '2021-05-13 07:17:51');

-- --------------------------------------------------------

--
-- โครงสร้างตาราง `access_stratetegic`
--

CREATE TABLE `access_stratetegic` (
  `access_id` int(11) NOT NULL,
  `indicator_stratetegic_indicator_stratetegic_id` int(11) NOT NULL,
  `indicator_stratetegic_year_year_id` int(11) NOT NULL,
  `Employee_id_employee` int(11) NOT NULL,
  `Employee_id_position` int(11) NOT NULL,
  `Employee_id_department` int(11) NOT NULL
) ENGINE=InnoDB DEFAULT CHARSET=utf8;

--
-- dump ตาราง `access_stratetegic`
--

INSERT INTO `access_stratetegic` (`access_id`, `indicator_stratetegic_indicator_stratetegic_id`, `indicator_stratetegic_year_year_id`, `Employee_id_employee`, `Employee_id_position`, `Employee_id_department`) VALUES
(18, 53, 2, 3, 0, 0),
(19, 54, 2, 20, 0, 0);

-- --------------------------------------------------------

--
-- โครงสร้างตาราง `assign`
--

CREATE TABLE `assign` (
  `assign_id` int(11) NOT NULL,
  `indicator_id` int(11) NOT NULL,
  `Employee_id_employee` int(11) NOT NULL
) ENGINE=InnoDB DEFAULT CHARSET=utf8;

--
-- dump ตาราง `assign`
--

INSERT INTO `assign` (`assign_id`, `indicator_id`, `Employee_id_employee`) VALUES
(1, 1, 6),
(2, 2, 3),
(3, 3, 5),
(4, 4, 18),
(5, 6, 3),
(6, 7, 5),
(7, 8, 7),
(8, 5, 3),
(22, 9, 3),
(24, 31, 3),
(25, 32, 4),
(26, 33, 9),
(27, 34, 7),
(28, 35, 3),
(29, 36, 3),
(30, 37, 14),
(31, 38, 18),
(32, 39, 16),
(33, 40, 14),
(34, 41, 18),
(35, 42, 16),
(36, 43, 8),
(37, 44, 5),
(38, 45, 6),
(39, 46, 3),
(40, 47, 5),
(41, 48, 18),
(42, 49, 31),
(43, 50, 3),
(44, 51, 5),
(45, 52, 7),
(46, 53, 3),
(47, 54, 3),
(48, 55, 3),
(49, 56, 3),
(50, 57, 4),
(51, 58, 4),
(52, 59, 5),
(53, 60, 5),
(54, 61, 4),
(55, 62, 3),
(56, 63, 5),
(57, 64, 3),
(58, 65, 3),
(59, 66, 5),
(60, 67, 5),
(61, 68, 31),
(62, 69, 5),
(63, 70, 17),
(64, 71, 18),
(65, 72, 17),
(66, 73, 30),
(67, 74, 6),
(68, 75, 3),
(69, 76, 5),
(70, 77, 18),
(71, 78, 31),
(72, 79, 3),
(73, 80, 5),
(74, 81, 7),
(75, 82, 3);

-- --------------------------------------------------------

--
-- โครงสร้างตาราง `autrority`
--

CREATE TABLE `autrority` (
  `idautrority` int(11) NOT NULL,
  `KR_idKR` int(11) NOT NULL,
  `Employee_id_employee` int(11) NOT NULL,
  `Employee_id_position` int(11) NOT NULL,
  `Employee_id_department` int(11) NOT NULL
) ENGINE=InnoDB DEFAULT CHARSET=utf8;

--
-- dump ตาราง `autrority`
--

INSERT INTO `autrority` (`idautrority`, `KR_idKR`, `Employee_id_employee`, `Employee_id_position`, `Employee_id_department`) VALUES
(8, 51, 6, 0, 0),
(9, 52, 6, 0, 0),
(10, 53, 6, 0, 0),
(11, 55, 6, 0, 0),
(13, 57, 28, 0, 0),
(15, 59, 28, 0, 0),
(16, 58, 28, 0, 0),
(17, 60, 3, 0, 0),
(18, 61, 3, 0, 0),
(19, 62, 3, 0, 0),
(20, 63, 8, 0, 0),
(21, 64, 8, 0, 0),
(22, 65, 8, 0, 0),
(23, 66, 8, 0, 0),
(24, 67, 20, 0, 0),
(25, 68, 20, 0, 0),
(26, 69, 28, 0, 0),
(27, 70, 28, 0, 0),
(28, 71, 28, 0, 0),
(29, 72, 3, 0, 0),
(30, 73, 3, 0, 0),
(32, 75, 8, 0, 0),
(33, 76, 8, 0, 0),
(34, 77, 8, 0, 0),
(35, 79, 8, 0, 0),
(88, 82, 20, 0, 0),
(92, 83, 1, 0, 0),
(93, 83, 8, 0, 0),
(94, 74, 3, 0, 0),
(95, 85, 28, 0, 0),
(98, 86, 3, 0, 0),
(99, 86, 28, 0, 0),
(100, 87, 3, 0, 0),
(101, 87, 28, 0, 0);

-- --------------------------------------------------------

--
-- โครงสร้างตาราง `department`
--

CREATE TABLE `department` (
  `id_department` int(11) NOT NULL,
  `name_department` varchar(255) NOT NULL,
  `created_at` timestamp NULL DEFAULT current_timestamp(),
  `updated_at` timestamp NULL DEFAULT current_timestamp() ON UPDATE current_timestamp()
) ENGINE=InnoDB DEFAULT CHARSET=utf8;

--
-- dump ตาราง `department`
--

INSERT INTO `department` (`id_department`, `name_department`, `created_at`, `updated_at`) VALUES
(1, 'ผู้อำนวยการและรองผู้อำนวยการ\r\n', '2021-03-24 15:02:03', '2021-03-24 15:02:03'),
(2, 'ฝ่ายส่งเสริมการเรียนรู้และให้บริการการศึกษา', '2021-03-24 15:02:03', '2021-03-24 15:02:03'),
(3, 'ฝ่ายสนับสนุนการเรียนการสอนและสื่อการศึกษา', '2021-03-24 15:02:03', '2021-03-24 15:02:03'),
(4, 'ฝ่ายบริหารทั่วไปและธุรการ', '2021-03-24 15:02:03', '2021-03-24 15:02:03'),
(5, 'ฝ่ายพัฒนาทรัพยากรสารสนเทศ', '2021-03-24 15:02:03', '2021-03-24 15:02:03');

-- --------------------------------------------------------

--
-- โครงสร้างตาราง `employee`
--

CREATE TABLE `employee` (
  `id_employee` int(11) NOT NULL,
  `name_employee` varchar(255) NOT NULL,
  `id_position` int(11) NOT NULL,
  `id_department` int(11) NOT NULL,
  `status` int(11) DEFAULT NULL,
  `password` varchar(45) NOT NULL,
  `username` varchar(45) NOT NULL,
  `img` varchar(255) NOT NULL,
  `created_at` timestamp NULL DEFAULT current_timestamp(),
  `updated_at` timestamp NULL DEFAULT current_timestamp() ON UPDATE current_timestamp()
) ENGINE=InnoDB DEFAULT CHARSET=utf8;

--
-- dump ตาราง `employee`
--

INSERT INTO `employee` (`id_employee`, `name_employee`, `id_position`, `id_department`, `status`, `password`, `username`, `img`, `created_at`, `updated_at`) VALUES
(1, 'ศิวนาถ นันทพิชัย', 1, 1, 3, 'a', 'a', 'http://clm.wu.ac.th/img_per/bo-01.jpg', '2021-05-13 00:59:23', '2021-05-13 00:59:23'),
(2, 'ฐิมาพร เพชรแก้ว', 2, 1, 3, '2', '2', 'http://clm.wu.ac.th/img_per/bo-03.jpg', '2021-03-24 15:01:39', '2021-05-13 00:51:57'),
(3, 'เกษมาพร ตัญบุญยกิจ', 3, 4, 2, '3', '3', 'http://clm.wu.ac.th/img_per/ad-01.jpg', '2021-03-24 15:01:39', '2021-05-12 20:20:22'),
(4, 'อมราพร ชุมชนะ', 4, 4, 1, '4', '4', 'http://clm.wu.ac.th/img_per/ad-02.jpg', '2021-03-24 15:01:39', '2021-03-24 15:01:39'),
(5, 'จารุพันธุ์ พรุเพ็ชรแก้ว', 4, 4, 1, '5', '5', 'http://clm.wu.ac.th/img_per/ad-03.jpg', '2021-03-24 15:01:39', '2021-03-24 15:01:39'),
(6, 'พัชรินทร์ ภาวิกานนท์', 4, 4, 1, '6', '6', 'http://clm.wu.ac.th/img_per/ad-05.jpg', '2021-03-24 15:01:39', '2021-03-24 15:01:39'),
(7, 'ธันธภัทร์ ดวงจันทร์', 4, 4, 1, '7', '7', 'http://clm.wu.ac.th/img_per/ad-04.jpg', '2021-03-24 15:01:39', '2021-03-24 15:01:39'),
(8, 'อาภรณ์ ไชยสุวรรณ', 3, 5, 1, '8', '8', 'http://clm.wu.ac.th/img_per/de-01.jpg', '2021-03-24 15:01:39', '2021-03-24 15:01:39'),
(9, 'บุญเพ็ญ ชูทอง', 5, 5, 1, '9', '9', 'http://clm.wu.ac.th/img_per/de-06.jpg', '2021-03-24 15:01:39', '2021-03-24 15:01:39'),
(10, 'รุจิรา เต็มราม', 4, 5, 1, '10', '10', 'http://clm.wu.ac.th/img_per/de-08.jpg', '2021-03-24 15:01:39', '2021-03-24 15:01:39'),
(11, 'บุษกร ผึ้งภักดี', 4, 5, 1, '11', '11', 'http://clm.wu.ac.th/img_per/de-11.jpg', '2021-03-24 15:01:39', '2021-03-24 15:01:39'),
(12, 'กนกวัลย์ ไกรนุกูล', 5, 5, 1, '12', '12', 'http://clm.wu.ac.th/img_per/de-02.jpg', '2021-03-24 15:01:39', '2021-03-24 15:01:39'),
(13, 'รจนา หมาดหล้า', 5, 5, 1, '13', '13', 'http://clm.wu.ac.th/img_per/de-03.jpg', '2021-03-24 15:01:39', '2021-03-24 15:01:39'),
(14, 'ขนิษฐา จิตรหลัง', 5, 5, 1, '14', '14', 'http://clm.wu.ac.th/img_per/de-04.jpg', '2021-03-24 15:01:39', '2021-03-24 15:01:39'),
(15, 'สุจิตรา เมฆหมอก', 4, 5, 1, '15', '15', 'http://clm.wu.ac.th/img_per/de-12.jpg', '2021-03-24 15:01:39', '2021-03-24 15:01:39'),
(16, 'กฤษณา เสตพงศ์', 5, 5, 1, '16', '16', 'http://clm.wu.ac.th/img_per/de-05.jpg', '2021-03-24 15:01:39', '2021-03-24 15:01:39'),
(17, 'จริยา รัตนพันธุ์', 4, 5, 1, '17', '17', 'http://clm.wu.ac.th/img_per/de-09.jpg', '2021-03-24 15:01:39', '2021-03-24 15:01:39'),
(18, 'ธวัชชัย ประดู่', 4, 5, 1, '18', '18', 'http://clm.wu.ac.th/img_per/de-10.jpg', '2021-03-24 15:01:39', '2021-03-24 15:01:39'),
(19, 'นัสราห์ จำปากลาย', 5, 5, 1, '19', '19', 'http://clm.wu.ac.th/img_per/de-07.jpg', '2021-03-24 15:01:39', '2021-05-13 06:37:23'),
(20, 'ปรีชา รัสมี', 3, 2, 2, '20', '20', 'http://clm.wu.ac.th/img_per/se-02.jpg', '2021-03-24 15:01:39', '2021-05-12 20:23:30'),
(21, 'พิชัยยุทธ สุวิทยารัตน์', 6, 2, 1, '21', '21', 'http://clm.wu.ac.th/img_per/se-01.jpg', '2021-03-24 15:01:39', '2021-03-24 15:01:39'),
(22, 'สุวัฒน์ เกิดมณี', 5, 2, 1, '22', '22', 'http://clm.wu.ac.th/img_per/se-03.jpg', '2021-03-24 15:01:39', '2021-03-24 15:01:39'),
(23, 'กิตติพร ศรีเพ็ชร', 5, 2, 1, '23', '23', 'http://clm.wu.ac.th/img_per/se-04.jpg', '2021-03-24 15:01:39', '2021-03-24 15:01:39'),
(24, 'สันถัต สารักษ์', 5, 2, 1, '24', '24', 'http://clm.wu.ac.th/img_per/se-05.jpg', '2021-03-24 15:01:39', '2021-03-24 15:01:39'),
(25, 'นิตยา ทองปะนะ', 4, 2, 1, '25', '25', 'http://clm.wu.ac.th/img_per/se-06.jpg', '2021-03-24 15:01:39', '2021-03-24 15:01:39'),
(26, 'ชื่นณัสฐา เสนาะโสตร์', 4, 2, 1, '26', '26', 'http://clm.wu.ac.th/img_per/se-07.jpg', '2021-03-24 15:01:39', '2021-03-24 15:01:39'),
(27, 'นาวิน เนาวพงศ์', 7, 2, 1, '27', '27', 'http://clm.wu.ac.th/img_per/se-08.jpg', '2021-03-24 15:01:39', '2021-03-24 15:01:39'),
(28, 'ธรณิศ หาญใจ', 3, 3, 1, '28', '28', 'http://clm.wu.ac.th/img_per/su-01.jpg', '2021-03-24 15:01:39', '2021-03-24 15:01:39'),
(29, 'ชัชสันต์ จันทร์เรืองฤทธิ์', 6, 3, 1, '29', '29', 'http://clm.wu.ac.th/img_per/su-02.jpg', '2021-03-24 15:01:39', '2021-03-24 15:01:39'),
(30, 'พัสตราภรณ์ กาฬสิงห์', 6, 3, 1, '30', '30', 'http://clm.wu.ac.th/img_per/su-03.jpg', '2021-03-24 15:01:39', '2021-03-24 15:01:39'),
(31, 'ชัชวาล นาคพันธุ์', 8, 3, 1, '31', '31', 'http://clm.wu.ac.th/img_per/su-04.jpg', '2021-03-24 15:01:39', '2021-03-24 15:01:39'),
(32, 'ไกรศร สายวารี', 7, 3, 1, '32', '32', 'http://clm.wu.ac.th/img_per/su-05.jpg', '2021-03-24 15:01:39', '2021-03-24 15:01:39'),
(33, 'นันทพร ขันธศุภหิรัญ', 6, 3, 1, '33', '33', 'http://clm.wu.ac.th/img_per/su-06.jpg', '2021-03-24 15:01:39', '2021-03-24 15:01:39'),
(34, 'นุรุณ จำปากลาย', 6, 3, 1, '34', '34', 'http://clm.wu.ac.th/img_per/su-07.jpg', '2021-03-24 15:01:39', '2021-03-24 15:01:39'),
(35, 'ธีรวัฒน์ ศรีบุญเอียด', 7, 3, 1, '35', '35', 'http://clm.wu.ac.th/img_per/su-08.jpg', '2021-03-24 15:01:39', '2021-03-24 15:01:39'),
(36, 'เขมชาติ เสมแดง', 7, 3, 1, '36', '36', 'http://clm.wu.ac.th/img_per/su-09.jpg', '2021-03-24 15:01:39', '2021-03-24 15:01:39'),
(37, 'สมภพ เอียดสี', 7, 3, 1, '37', '37', 'http://clm.wu.ac.th/img_per/su-10.jpg', '2021-03-24 15:01:39', '2021-03-24 15:01:39'),
(38, 'พิชัย พูลสวัสดิ์', 6, 3, 1, '38', '38', 'http://clm.wu.ac.th/img_per/su-11.jpg', '2021-03-24 15:01:39', '2021-03-24 15:01:39'),
(39, 'เมษา สินทบทอง', 7, 3, 1, '39', '39', 'http://clm.wu.ac.th/img_per/su-12.jpg', '2021-03-24 15:01:39', '2021-03-24 15:01:39'),
(40, 'ไกรสร แก้วอุดม', 7, 3, 1, '40', '40', 'http://clm.wu.ac.th/img_per/su-13.jpg', '2021-03-24 15:01:39', '2021-03-24 15:01:39'),
(41, 'วิรัตน์ ฉิมสุด', 7, 3, 1, '41', '41', 'http://clm.wu.ac.th/img_per/su-14.jpg', '2021-03-24 15:01:39', '2021-03-24 15:01:39'),
(42, 'พงค์สุวรรณ แก้วทอง', 7, 3, 1, '42', '42', 'http://clm.wu.ac.th/img_per/su-15.jpg', '2021-03-24 15:01:39', '2021-03-24 15:01:39'),
(43, 'เกียรติศักดิ์ ใบระเหม', 7, 3, 1, '43', '43', 'http://clm.wu.ac.th/img_per/su-16.jpg', '2021-03-24 15:01:39', '2021-03-24 15:01:39'),
(44, 'ณัฐพล จันทนา', 7, 3, 1, '44', '44', 'http://clm.wu.ac.th/img_per/su-17.jpg', '2021-03-24 15:01:39', '2021-03-24 15:01:39'),
(45, 'เบญจา ภูริพงศธร', 7, 3, 1, '45', '45', 'http://clm.wu.ac.th/img_per/su-18.jpg', '2021-03-24 15:01:39', '2021-03-24 15:01:39'),
(46, 'ธนชัย คำสมาน', 7, 3, 1, '46', '46', 'http://clm.wu.ac.th/img_per/su-19.jpg', '2021-03-24 15:01:39', '2021-03-24 15:01:39'),
(47, 'สุทธิรักษ์ จริตงาม', 7, 3, 1, '47', '47', 'http://clm.wu.ac.th/img_per/su-20.jpg', '2021-03-24 15:01:39', '2021-03-24 15:01:39'),
(48, 'อนุรักษ์ คงคิด', 7, 3, 1, '48', '48', 'http://clm.wu.ac.th/img_per/su-21.jpg', '2021-03-24 15:01:39', '2021-03-24 15:01:39'),
(49, 'นริสา บัวเชย', 6, 3, 1, '49', '49', 'http://clm.wu.ac.th/img_per/su-22.jpg', '2021-03-24 15:01:39', '2021-03-24 15:01:39'),
(50, 'เลอศักดิ์ มุติชุน', 7, 3, 1, '50', '50', 'http://clm.wu.ac.th/img_per/su-23.jpg', '2021-03-24 15:01:39', '2021-03-24 15:01:39'),
(51, 'สมศักดิ์ ประทุมทอง', 4, 3, 1, '51', '51', 'http://clm.wu.ac.th/img_per/su-24.jpg', '2021-03-24 15:01:39', '2021-03-24 15:01:39'),
(52, 'บุษรา มีแก้ว', 4, 3, 1, '52', '52', 'http://clm.wu.ac.th/img_per/su-25.jpg', '2021-03-24 15:01:39', '2021-03-24 15:01:39'),
(53, 'ปรารถนา คชินทร', 4, 3, 1, '53', '53', 'http://clm.wu.ac.th/img_per/su-26.jpg', '2021-03-24 15:01:39', '2021-03-24 15:01:39');

-- --------------------------------------------------------

--
-- โครงสร้างตาราง `files`
--

CREATE TABLE `files` (
  `id` bigint(20) UNSIGNED NOT NULL,
  `name` varchar(255) COLLATE utf8mb4_unicode_ci NOT NULL,
  `created_at` timestamp NULL DEFAULT current_timestamp(),
  `updated_at` timestamp NULL DEFAULT current_timestamp() ON UPDATE current_timestamp()
) ENGINE=InnoDB DEFAULT CHARSET=utf8mb4 COLLATE=utf8mb4_unicode_ci;

-- --------------------------------------------------------

--
-- โครงสร้างตาราง `indicator`
--

CREATE TABLE `indicator` (
  `indicator_id` int(11) NOT NULL,
  `indicator_name` varchar(255) DEFAULT NULL,
  `year_id` int(11) NOT NULL,
  `indicator_type` int(11) NOT NULL,
  `full_score` int(11) NOT NULL
) ENGINE=InnoDB DEFAULT CHARSET=utf8;

--
-- dump ตาราง `indicator`
--

INSERT INTO `indicator` (`indicator_id`, `indicator_name`, `year_id`, `indicator_type`, `full_score`) VALUES
(64, 'ร้อยละผลสำเร็จการใช้งานระบบ DOMS (เริ่มตั้งแต่ มค.64)', 1, 1, 1),
(65, 'ร้อยละการบันทึกงานประจำวันของพนักงาน', 1, 1, 1),
(66, 'ร้อยละของการประหยัดพลังงาน go green', 1, 1, 1),
(67, 'ร้อยละของคะแนนประเมิน 5ส', 1, 0, 1),
(68, 'เว็บไซต์ หน่วยงานทั้งภาษาไทยและภาษาอังกฤษ', 1, 0, 2),
(69, 'การปฏิบัติตามหลักวินัยทางการเงิน', 1, 0, 1),
(74, 'ร้อยละผลสำเร็จการใช้งานระบบ DOMS (เริ่มตั้งแต่ มค.64)', 2, 1, 1),
(75, 'ร้อยละการบันทึกงานประจำวันของพนักงาน', 2, 1, 1),
(76, 'ร้อยละของคะแนนประเมิน 5ส', 2, 0, 1),
(77, 'ร้อยละของการประหยัดพลังงาน go green', 2, 1, 1),
(78, 'เว็บไซต์ หน่วยงานทั้งภาษาไทยและภาษาอังกฤษ', 2, 0, 2),
(79, 'ร้อยละของการดำเนินงานและการใช้จ่ายงบประมาณตามแผนฯ ประจำปี', 2, 1, 1),
(80, 'การปฏิบัติตามหลักวินัยทางการเงิน', 2, 0, 1),
(81, 'การเข้าร่วมกิจกรรมกลางของมหาวิทยาลัย', 2, 1, 1),
(82, 'ผลการประเมินคุณธรรม และความโปร่งใสในการดำเนินงานของหน่วยงาน', 2, 0, 1);

-- --------------------------------------------------------

--
-- โครงสร้างตาราง `indicators`
--

CREATE TABLE `indicators` (
  `id` bigint(20) UNSIGNED NOT NULL,
  `created_at` timestamp NULL DEFAULT NULL,
  `updated_at` timestamp NULL DEFAULT NULL
) ENGINE=InnoDB DEFAULT CHARSET=utf8mb4 COLLATE=utf8mb4_unicode_ci;

-- --------------------------------------------------------

--
-- โครงสร้างตาราง `indicator_month`
--

CREATE TABLE `indicator_month` (
  `indicator_month_id` int(11) NOT NULL,
  `result` varchar(45) DEFAULT NULL,
  `score` varchar(45) DEFAULT NULL,
  `percent` varchar(45) DEFAULT NULL,
  `indicator_id` int(11) NOT NULL,
  `year_id` int(11) NOT NULL,
  `month` int(11) NOT NULL,
  `status` int(11) NOT NULL
) ENGINE=InnoDB DEFAULT CHARSET=utf8;

--
-- dump ตาราง `indicator_month`
--

INSERT INTO `indicator_month` (`indicator_month_id`, `result`, `score`, `percent`, `indicator_id`, `year_id`, `month`, `status`) VALUES
(350, '50', '0.8', '80', 64, 1, 1, 1),
(351, '50', '0.5', '50', 64, 1, 2, 1),
(352, '60', '0.6', '60', 64, 1, 3, 1),
(353, '60', '0.6', '60', 64, 1, 4, 1),
(354, '50', '0.5', '50', 64, 1, 5, 1),
(355, '75', '0.75', '75', 64, 1, 6, 1),
(356, '100', '1.0', '100', 64, 1, 7, 1),
(357, '85', '0.85', '85', 64, 1, 8, 1),
(358, '50', '0.5', '50', 64, 1, 9, 1),
(359, '20', '0.2', '20', 64, 1, 10, 1),
(360, '20', '0.2', '20', 64, 1, 11, 1),
(361, '20', '0.2', '20', 64, 1, 12, 1),
(362, '60', '0.9', '90', 65, 1, 1, 1),
(363, '80', '0.8', '80', 65, 1, 2, 1),
(364, '80', '0.8', '80', 65, 1, 3, 1),
(365, '60', '0.6', '60', 65, 1, 4, 1),
(366, '45', '0.45', '45', 65, 1, 5, 1),
(367, '85', '0.85', '85', 65, 1, 6, 1),
(368, '10', '0.1', '10', 65, 1, 7, 1),
(369, '80', '0.80', '80', 65, 1, 8, 1),
(370, '50', '0.5', '50', 65, 1, 9, 1),
(371, '80', '0.8', '80', 65, 1, 10, 1),
(372, '100', '1.0', '100', 65, 1, 11, 1),
(373, '30', '0.3', '30', 65, 1, 12, 1),
(374, '70', '0.6', '70', 66, 1, 1, 1),
(375, '90', '0.9', '90', 66, 1, 2, 1),
(376, '70', '0.7', '70', 66, 1, 3, 1),
(377, '70', '0.7', '70', 66, 1, 4, 1),
(378, '55', '0.65', '55', 66, 1, 5, 1),
(379, '40', '0.4', '40', 66, 1, 6, 1),
(380, '65', '0.65', '65', 66, 1, 7, 1),
(381, '90', '0.90', '90', 66, 1, 8, 1),
(382, '40', '0.4', '40', 66, 1, 9, 1),
(383, '95', '0.95', '95', 66, 1, 10, 1),
(384, '100', '1.0', '100', 66, 1, 11, 1),
(385, '75', '0.75', '75', 66, 1, 12, 1),
(422, '60', '0.6', '60', 74, 2, 1, 0),
(423, '20', '0.2', '20', 74, 2, 2, 0),
(424, '30', '0.3', '30', 74, 2, 3, 0),
(425, NULL, NULL, NULL, 74, 2, 4, 0),
(426, NULL, NULL, NULL, 74, 2, 5, 0),
(427, NULL, NULL, NULL, 74, 2, 6, 0),
(428, NULL, NULL, NULL, 74, 2, 7, 0),
(429, NULL, NULL, NULL, 74, 2, 8, 0),
(430, NULL, NULL, NULL, 74, 2, 9, 0),
(431, '20', '0.6', '60', 74, 2, 10, 0),
(432, '40', '0.4', '40', 74, 2, 11, 0),
(433, '40', '0.4', '40', 74, 2, 12, 0),
(434, '100', '1..0', '100', 75, 2, 1, 0),
(435, '40', '0.4', '40', 75, 2, 2, 0),
(436, '45', '0.45', '45', 75, 2, 3, 0),
(437, '20', '0.5', '50', 75, 2, 4, 0),
(438, NULL, NULL, NULL, 75, 2, 5, 0),
(439, NULL, NULL, NULL, 75, 2, 6, 0),
(440, NULL, NULL, NULL, 75, 2, 7, 0),
(441, NULL, NULL, NULL, 75, 2, 8, 0),
(442, NULL, NULL, NULL, 75, 2, 9, 0),
(443, '80', '0.8', '80', 75, 2, 10, 0),
(444, '50', '0.5', '50', 75, 2, 11, 0),
(445, '80', '0.8', '80', 75, 2, 12, 0),
(446, '80', '0.8', '80', 77, 2, 1, 0),
(447, '95', '0.95', '95', 77, 2, 2, 0),
(448, '80', '0.8', '80', 77, 2, 3, 0),
(449, NULL, NULL, NULL, 77, 2, 4, 0),
(450, NULL, NULL, NULL, 77, 2, 5, 0),
(451, NULL, NULL, NULL, 77, 2, 6, 0),
(452, NULL, NULL, NULL, 77, 2, 7, 0),
(453, NULL, NULL, NULL, 77, 2, 8, 0),
(454, NULL, NULL, NULL, 77, 2, 9, 0),
(455, '90', '0.9', '90', 77, 2, 10, 0),
(456, '30', '0.3', '30', 77, 2, 11, 0),
(457, '75', '0.75', '75', 77, 2, 12, 0),
(458, '25', '0.25', '25', 79, 2, 1, 0),
(459, '45', '0.45', '45', 79, 2, 2, 0),
(460, '74', '0.74', '74', 79, 2, 3, 0),
(461, '40', '0.4', '40', 79, 2, 4, 0),
(462, NULL, NULL, NULL, 79, 2, 5, 0),
(463, NULL, NULL, NULL, 79, 2, 6, 0),
(464, NULL, NULL, NULL, 79, 2, 7, 0),
(465, NULL, NULL, NULL, 79, 2, 8, 0),
(466, NULL, NULL, NULL, 79, 2, 9, 0),
(467, '75', '0.75', '75', 79, 2, 10, 0),
(468, '50', '0.5', '50', 79, 2, 11, 0),
(469, '20', '0.2', '20', 79, 2, 12, 0),
(470, NULL, NULL, NULL, 81, 2, 1, 0),
(471, NULL, NULL, NULL, 81, 2, 2, 0),
(472, NULL, NULL, NULL, 81, 2, 3, 0),
(473, NULL, NULL, NULL, 81, 2, 4, 0),
(474, NULL, NULL, NULL, 81, 2, 5, 0),
(475, NULL, NULL, NULL, 81, 2, 6, 0),
(476, NULL, NULL, NULL, 81, 2, 7, 0),
(477, NULL, NULL, NULL, 81, 2, 8, 0),
(478, NULL, NULL, NULL, 81, 2, 9, 0),
(479, NULL, NULL, NULL, 81, 2, 10, 0),
(480, NULL, NULL, NULL, 81, 2, 11, 0),
(481, NULL, NULL, NULL, 81, 2, 12, 0);

-- --------------------------------------------------------

--
-- โครงสร้างตาราง `indicator_result`
--

CREATE TABLE `indicator_result` (
  `indicator_result_ID` int(11) NOT NULL,
  `indicator_result_name` varchar(500) DEFAULT NULL,
  `year_year_id` int(11) NOT NULL,
  `plan` int(50) NOT NULL,
  `unit` varchar(100) NOT NULL
) ENGINE=InnoDB DEFAULT CHARSET=utf8;

--
-- dump ตาราง `indicator_result`
--

INSERT INTO `indicator_result` (`indicator_result_ID`, `indicator_result_name`, `year_year_id`, `plan`, `unit`) VALUES
(44, 'จำนวนหนังสือต่อนักศึกษา *', 2, 100, '8'),
(45, 'จำนวนหนังสือต่ออาจารย์ *', 2, 100, '8'),
(46, 'ปริมาณการยืมทรัพยากรสารสนเทศต่อจำนวนผู้ใช้บริการที่มีสิทธิ์ยืม', 2, 75, '5'),
(47, 'จำนวนฐานข้อมูลออนไลน์', 2, 100, '5'),
(48, 'ร้อยละของการใช้ฐานข้อมูลที่เพิ่มขึ้น (รายปี)', 2, 75, '7'),
(49, 'จำนวนผู้เข้าใช้บริการห้องสมุด (ในพื้นที่และออนไลน์) ในพื้นที่ 76,645 คน ออนไลน์ 710,385 ครั้ง', 2, 70000, '6'),
(50, 'ร้อยละทรัพยากรสารสนเทศและสื่อการเรียนรู้ที่สอดคล้องกับหลักสูตรการเรียนการสอน', 2, 75, '7'),
(51, 'เวลาเฉลี่ยในการดำเนินงานตั้งแต่รับทรัพยากรสารสนเทศและนำให้บริการ (รายปี)', 2, 10, '2'),
(52, 'ค่าใช้จ่ายในการจัดหาทรัพยากรสารสนเทศต่อจำนวนนักศึกษาเต็มเวลาเทียบเท่า (รายปี)', 2, 100000, '3'),
(53, 'ค่าใช้จ่ายต่อครั้งในการเข้าใช้บริการของห้องสมุด (รายปี) งบทรัพยากรทั้งหมด/จำนวนการเข้าใช้', 2, 10000, '3'),
(54, 'ค่าใช้จ่ายทั้งหมดที่ใช้ในระบบห้องสมุดต่อนักศึกษาเต็มเวลาเทียบเท่า', 2, 1000000, '3'),
(55, 'จำนวนรายการขอใช้บริการสื่อการศึกษาเพื่อการเรียนการสอน', 2, 100, '1'),
(56, 'ร้อยละของการเบิกจ่ายงบลงทุนตามแผน', 2, 78, '7'),
(58, 'ร้อยละความพึงพอใจของผู้ใช้บริการที่เข้าร่วมกิจกรรมส่งเสริมการเรียนรู้ฯ', 2, 69, '7'),
(59, 'มีหลักสูตรการอบรมการใช้สารสนเทศเพื่อสนับสนุนการเรียนการสอนเพิ่มขึ้น', 2, 25, '4');

-- --------------------------------------------------------

--
-- โครงสร้างตาราง `indicator_stratetegic`
--

CREATE TABLE `indicator_stratetegic` (
  `indicator_stratetegic_id` int(11) NOT NULL,
  `indicator_stratetegic_name` varchar(500) DEFAULT NULL,
  `year_year_id` int(11) NOT NULL,
  `goal` varchar(100) DEFAULT NULL
) ENGINE=InnoDB DEFAULT CHARSET=utf8;

--
-- dump ตาราง `indicator_stratetegic`
--

INSERT INTO `indicator_stratetegic` (`indicator_stratetegic_id`, `indicator_stratetegic_name`, `year_year_id`, `goal`) VALUES
(53, 'WU2-2-3 ร้อยละความพึงพอใจของผู้รับบริการ (นักศึกษา บุคลากรและประชาชน)', 2, 'ร้อยละ 85');

-- --------------------------------------------------------

--
-- โครงสร้างตาราง `indicator_year`
--

CREATE TABLE `indicator_year` (
  `indicator_year_id` int(11) NOT NULL,
  `indicator_id` int(11) NOT NULL,
  `year_id` int(11) NOT NULL,
  `result` varchar(45) DEFAULT NULL,
  `score` varchar(45) DEFAULT NULL,
  `percent` varchar(45) DEFAULT NULL,
  `status` int(11) NOT NULL
) ENGINE=InnoDB DEFAULT CHARSET=utf8;

--
-- dump ตาราง `indicator_year`
--

INSERT INTO `indicator_year` (`indicator_year_id`, `indicator_id`, `year_id`, `result`, `score`, `percent`, `status`) VALUES
(29, 67, 1, '50', '0.5', '50', 1),
(30, 68, 1, '80', '0.8', '80', 1),
(31, 69, 1, '95', '0.95', '95', 1),
(33, 76, 2, '95', '0.95', '95', 0),
(34, 78, 2, '20', '0.2', '20', 0),
(35, 80, 2, '20', '0.25', '20', 0),
(36, 82, 2, '20', '0.2', '20', 0);

-- --------------------------------------------------------

--
-- โครงสร้างตาราง `kr`
--

CREATE TABLE `kr` (
  `idKR` int(11) NOT NULL,
  `status` varchar(45) DEFAULT NULL,
  `nameKR` varchar(200) DEFAULT NULL,
  `object_idobject` int(11) NOT NULL
) ENGINE=InnoDB DEFAULT CHARSET=utf8;

--
-- dump ตาราง `kr`
--

INSERT INTO `kr` (`idKR`, `status`, `nameKR`, `object_idobject`) VALUES
(51, '1', 'test kr 64', 9),
(52, '1', 'test2 kr 64', 9),
(53, '1', 'test2 kr 2 64', 10),
(55, '1', 'dd', 10),
(57, '1', 'KR1  จัดหา 100% ภายในไตรมาสแรก', 11),
(58, '1', 'KR2  ติดตั้ง 100% ภายในไตรมาสสอง', 11),
(59, '1', 'KR3  ส่งเสริมให้อาจารย์ใช้ 100 %', 11),
(60, '1', 'KR1 จัดทำกรอบแนวคิดในไตรมาสแรก', 12),
(61, '1', 'KR2 ประสานงาน/จัดประชุม/พัฒนาแบบ Central Library ให้ทันภายในไตรมาสที่ 2', 12),
(62, '1', 'KR3 มีแบบนำเสนองบประมาณ Central Library ภายในงบประมาณ2565', 12),
(63, '1', 'KR1 ตั้งทีมสนับสนุนในไตรมาสแรก, พัฒนาหลักสูตร re-skill / up-skill >20 หลักสูตร', 13),
(64, '1', 'KR2 จัดอบรมอย่างน้อย 20 หลักสูตร/เพิ่มบริการผลิต Digital Content', 13),
(65, '1', 'KR3 มีรายวิชาออนไลน์เพิ่มขึ้นอย่างน้อย 10 วิชา', 13),
(66, '1', 'KR1 เพิ่มหลักสูตร/บริการสนับสนุน (20%)', 14),
(67, '1', 'KR2 จำนวนผู้ใช้บริการ/ได้รับการสนับสนุน (เพิ่ม 20%)', 14),
(68, '1', 'KR3 พนักงาน 100% มีผลงานเป็นที่ประจักษ์', 14),
(69, '1', 'KR1  จัดหา 100% ภายในไตรมาสแรก', 15),
(70, '1', 'KR2  ติดตั้ง 100% ภายในไตรมาสสอง', 15),
(71, '1', 'KR3  ส่งเสริมให้อาจารย์ใช้ 100 %', 15),
(72, '1', 'KR1 จัดทำกรอบแนวคิดในไตรมาสแรก', 16),
(73, '1', 'KR2 ประสานงาน/จัดประชุม/พัฒนาแบบ Central Library ให้ทันภายในไตรมาสที่ 2', 16),
(74, '1', 'KR3 มีแบบนำเสนองบประมาณ Central Library ภายในงบประมาณ2565', 16),
(75, '1', 'KR1 ตั้งทีมสนับสนุนในไตรมาสแรก, พัฒนาหลักสูตร re-skill / up-skill >20 หลักสูตร', 17),
(76, '1', 'KR2 จัดอบรมอย่างน้อย 20 หลักสูตร/เพิ่มบริการผลิต Digital Content', 17),
(77, '1', 'KR3 มีรายวิชาออนไลน์เพิ่มขึ้นอย่างน้อย 10 วิชา', 17),
(79, '1', 'KR1 เพิ่มหลักสูตร/บริการสนับสนุน (20%)', 18),
(82, '1', 'KR2 จำนวนผู้ใช้บริการ/ได้รับการสนับสนุน (เพิ่ม 20%)', 18),
(83, '1', 'KR3 พนักงาน 100% มีผลงานเป็นที่ประจักษ์', 18),
(84, '1', 'kr1 test', 19),
(85, '1', 'KR1  จัดหา 100% ภายในไตรมาสแรก', 20),
(86, '1', 'KR2  ติดตั้ง 100% ภายในไตรมาสสอง', 20),
(87, '1', 'KR3  ส่งเสริมให้อาจารย์ใช้ 100 %', 20);

-- --------------------------------------------------------

--
-- โครงสร้างตาราง `krdetail`
--

CREATE TABLE `krdetail` (
  `idKRdetail` int(11) NOT NULL,
  `result` varchar(200) DEFAULT NULL,
  `percent` float DEFAULT NULL,
  `future_result` varchar(200) DEFAULT NULL,
  `nameUser` varchar(100) DEFAULT NULL,
  `time` date DEFAULT NULL,
  `mount` int(11) DEFAULT NULL,
  `year_year_id` int(11) NOT NULL,
  `KR_idKR` int(11) NOT NULL,
  `KR_object_idobject` int(11) NOT NULL,
  `status_kr` int(11) DEFAULT NULL,
  `status_data` int(11) DEFAULT NULL
) ENGINE=InnoDB DEFAULT CHARSET=utf8;

--
-- dump ตาราง `krdetail`
--

INSERT INTO `krdetail` (`idKRdetail`, `result`, `percent`, `future_result`, `nameUser`, `time`, `mount`, `year_year_id`, `KR_idKR`, `KR_object_idobject`, `status_kr`, `status_data`) VALUES
(97, NULL, NULL, NULL, NULL, NULL, 1, 2564, 10, 1, NULL, NULL),
(98, NULL, NULL, NULL, NULL, NULL, 2, 2564, 10, 1, NULL, NULL),
(99, NULL, NULL, NULL, NULL, NULL, 3, 2564, 10, 1, NULL, NULL),
(100, NULL, NULL, NULL, NULL, NULL, 4, 2564, 10, 1, NULL, NULL),
(101, NULL, NULL, NULL, NULL, NULL, 5, 2564, 10, 1, NULL, NULL),
(102, NULL, NULL, NULL, NULL, NULL, 6, 2564, 10, 1, NULL, NULL),
(103, NULL, NULL, NULL, NULL, NULL, 7, 2564, 10, 1, NULL, NULL),
(104, NULL, NULL, NULL, NULL, NULL, 8, 2564, 10, 1, NULL, NULL),
(105, NULL, NULL, NULL, NULL, NULL, 9, 2564, 10, 1, NULL, NULL),
(106, NULL, NULL, NULL, NULL, NULL, 10, 2564, 10, 1, NULL, NULL),
(107, NULL, NULL, NULL, NULL, NULL, 11, 2564, 10, 1, NULL, NULL),
(108, NULL, NULL, NULL, NULL, NULL, 12, 2564, 10, 1, NULL, NULL),
(589, NULL, NULL, NULL, NULL, NULL, 1, 3, 51, 9, NULL, NULL),
(590, NULL, NULL, NULL, NULL, NULL, 2, 3, 51, 9, NULL, NULL),
(591, 'ดี', 89, '-', '6', NULL, 3, 3, 51, 9, NULL, NULL),
(592, 'ดี', 85, '-', '6', NULL, 4, 3, 51, 9, NULL, NULL),
(593, 'ดีมาก', 97, '-', 'พัชรินทร์ ภาวิกานนท์', '2021-05-12', 5, 3, 51, 9, 2, NULL),
(594, NULL, NULL, NULL, NULL, NULL, 6, 3, 51, 9, NULL, NULL),
(595, NULL, NULL, NULL, NULL, NULL, 7, 3, 51, 9, NULL, NULL),
(596, NULL, NULL, NULL, NULL, NULL, 8, 3, 51, 9, NULL, NULL),
(597, NULL, NULL, NULL, NULL, NULL, 9, 3, 51, 9, NULL, NULL),
(598, NULL, NULL, NULL, NULL, NULL, 10, 3, 51, 9, NULL, NULL),
(599, NULL, NULL, NULL, NULL, NULL, 11, 3, 51, 9, NULL, NULL),
(600, NULL, NULL, NULL, NULL, NULL, 12, 3, 51, 9, NULL, NULL),
(601, NULL, NULL, NULL, NULL, NULL, 1, 3, 52, 9, NULL, NULL),
(602, NULL, NULL, NULL, NULL, NULL, 2, 3, 52, 9, NULL, NULL),
(603, 'ดี', 86, '-', '6', NULL, 3, 3, 52, 9, NULL, NULL),
(604, 'ดี', 90, '-', '6', NULL, 4, 3, 52, 9, NULL, NULL),
(605, 'ดีมาก', 99, '-', 'พัชรินทร์ ภาวิกานนท์', '2021-05-12', 5, 3, 52, 9, 2, NULL),
(606, NULL, NULL, NULL, NULL, NULL, 6, 3, 52, 9, NULL, NULL),
(607, NULL, NULL, NULL, NULL, NULL, 7, 3, 52, 9, NULL, NULL),
(608, NULL, NULL, NULL, NULL, NULL, 8, 3, 52, 9, NULL, NULL),
(609, NULL, NULL, NULL, NULL, NULL, 9, 3, 52, 9, NULL, NULL),
(610, NULL, NULL, NULL, NULL, NULL, 10, 3, 52, 9, NULL, NULL),
(611, NULL, NULL, NULL, NULL, NULL, 11, 3, 52, 9, NULL, NULL),
(612, NULL, NULL, NULL, NULL, NULL, 12, 3, 52, 9, NULL, NULL),
(613, NULL, NULL, NULL, NULL, NULL, 1, 3, 53, 10, NULL, NULL),
(614, NULL, NULL, NULL, NULL, NULL, 2, 3, 53, 10, NULL, NULL),
(615, NULL, NULL, NULL, NULL, NULL, 3, 3, 53, 10, NULL, NULL),
(616, NULL, NULL, NULL, NULL, NULL, 4, 3, 53, 10, NULL, NULL),
(617, '555555', 55, NULL, 'พัชรินทร์ ภาวิกานนท์', '2021-05-12', 5, 3, 53, 10, NULL, NULL),
(618, NULL, NULL, NULL, NULL, NULL, 6, 3, 53, 10, NULL, NULL),
(619, NULL, NULL, NULL, NULL, NULL, 7, 3, 53, 10, NULL, NULL),
(620, NULL, NULL, NULL, NULL, NULL, 8, 3, 53, 10, NULL, NULL),
(621, NULL, NULL, NULL, NULL, NULL, 9, 3, 53, 10, NULL, NULL),
(622, NULL, NULL, NULL, NULL, NULL, 10, 3, 53, 10, NULL, NULL),
(623, NULL, NULL, NULL, NULL, NULL, 11, 3, 53, 10, NULL, NULL),
(624, NULL, NULL, NULL, NULL, NULL, 12, 3, 53, 10, NULL, NULL),
(637, NULL, NULL, NULL, NULL, NULL, 1, 3, 55, 10, NULL, NULL),
(638, NULL, NULL, NULL, NULL, NULL, 2, 3, 55, 10, NULL, NULL),
(639, NULL, NULL, NULL, NULL, NULL, 3, 3, 55, 10, NULL, NULL),
(640, NULL, NULL, NULL, NULL, NULL, 4, 3, 55, 10, NULL, NULL),
(641, 'สมจิต', NULL, NULL, 'พัชรินทร์ ภาวิกานนท์', '2021-05-12', 5, 3, 55, 10, NULL, NULL),
(642, NULL, NULL, NULL, NULL, NULL, 6, 3, 55, 10, NULL, NULL),
(643, NULL, NULL, NULL, NULL, NULL, 7, 3, 55, 10, NULL, NULL),
(644, NULL, NULL, NULL, NULL, NULL, 8, 3, 55, 10, NULL, NULL),
(645, NULL, NULL, NULL, NULL, NULL, 9, 3, 55, 10, NULL, NULL),
(646, NULL, NULL, NULL, NULL, NULL, 10, 3, 55, 10, NULL, NULL),
(647, NULL, NULL, NULL, NULL, NULL, 11, 3, 55, 10, NULL, NULL),
(648, NULL, NULL, NULL, NULL, NULL, 12, 3, 55, 10, NULL, NULL),
(661, 'ดี', 88, '-', 'ธรณิศ หาญใจ', '2021-05-13', 1, 1, 57, 11, NULL, NULL),
(662, 'ดี', 88, '-', 'ธรณิศ หาญใจ', '2021-05-13', 2, 1, 57, 11, NULL, NULL),
(663, 'ดี', 88, '-', 'ธรณิศ หาญใจ', '2021-05-13', 3, 1, 57, 11, NULL, NULL),
(664, 'ดี', 88, '-', 'ธรณิศ หาญใจ', '2021-05-13', 4, 1, 57, 11, NULL, NULL),
(665, 'ดี', 10, '-', 'ธรณิศ หาญใจ', '2021-05-13', 5, 1, 57, 11, NULL, NULL),
(666, NULL, NULL, NULL, NULL, NULL, 6, 1, 57, 11, NULL, NULL),
(667, 'ดี', 10, '-', 'ธรณิศ หาญใจ', '2021-05-13', 7, 1, 57, 11, NULL, NULL),
(668, 'ดี', 50, '-', 'ธรณิศ หาญใจ', '2021-05-13', 8, 1, 57, 11, NULL, NULL),
(669, 'ดี', 80, '-', 'ธรณิศ หาญใจ', '2021-05-13', 9, 1, 57, 11, NULL, NULL),
(670, 'ดี', 88, '-', 'ธรณิศ หาญใจ', '2021-05-13', 10, 1, 57, 11, NULL, 1),
(671, 'ดี', 88, '-', 'ธรณิศ หาญใจ', '2021-05-13', 11, 1, 57, 11, NULL, 0),
(672, 'ดี', 88, '-', 'ธรณิศ หาญใจ', '2021-05-13', 12, 1, 57, 11, NULL, NULL),
(673, 'ดี', 88, '-', 'ธรณิศ หาญใจ', '2021-05-13', 1, 1, 58, 11, NULL, NULL),
(674, 'ดี', 88, '-', 'ธรณิศ หาญใจ', '2021-05-13', 2, 1, 58, 11, NULL, NULL),
(675, 'ดี', 88, '-', 'ธรณิศ หาญใจ', '2021-05-13', 3, 1, 58, 11, NULL, NULL),
(676, 'ดี', 88, '-', 'ธรณิศ หาญใจ', '2021-05-13', 4, 1, 58, 11, NULL, NULL),
(677, 'ดี', 88, '-', 'ธรณิศ หาญใจ', '2021-05-13', 5, 1, 58, 11, NULL, NULL),
(678, NULL, NULL, NULL, NULL, NULL, 6, 1, 58, 11, NULL, NULL),
(679, 'ดี', 88, '-', 'ธรณิศ หาญใจ', '2021-05-13', 7, 1, 58, 11, NULL, NULL),
(680, 'ดี', 88, '-', 'ธรณิศ หาญใจ', '2021-05-13', 8, 1, 58, 11, NULL, NULL),
(681, 'ดี', 88, '-', 'ธรณิศ หาญใจ', '2021-05-13', 9, 1, 58, 11, NULL, NULL),
(682, 'ดี', 88, '-', 'ธรณิศ หาญใจ', '2021-05-13', 10, 1, 58, 11, NULL, 1),
(683, 'ดี', 88, '-', 'ธรณิศ หาญใจ', '2021-05-13', 11, 1, 58, 11, NULL, 0),
(684, 'ดี', 88, '-', 'ธรณิศ หาญใจ', '2021-05-13', 12, 1, 58, 11, NULL, NULL),
(685, 'ดี', 88, '-', 'ธรณิศ หาญใจ', '2021-05-13', 1, 1, 59, 11, NULL, NULL),
(686, 'ดี', 88, '-', 'ธรณิศ หาญใจ', '2021-05-13', 2, 1, 59, 11, NULL, NULL),
(687, 'ดี', 88, '-', 'ธรณิศ หาญใจ', '2021-05-13', 3, 1, 59, 11, NULL, NULL),
(688, 'ดี', 88, '-', 'ธรณิศ หาญใจ', '2021-05-13', 4, 1, 59, 11, NULL, NULL),
(689, 'ดี', 88, '-', 'ธรณิศ หาญใจ', '2021-05-13', 5, 1, 59, 11, NULL, NULL),
(690, NULL, NULL, NULL, NULL, NULL, 6, 1, 59, 11, NULL, NULL),
(691, 'ดี', 88, '-', 'ธรณิศ หาญใจ', '2021-05-13', 7, 1, 59, 11, NULL, NULL),
(692, 'ดี', 88, '-', 'ธรณิศ หาญใจ', '2021-05-13', 8, 1, 59, 11, NULL, NULL),
(693, 'ดี', 88, '-', 'ธรณิศ หาญใจ', '2021-05-13', 9, 1, 59, 11, NULL, NULL),
(694, 'ดี', 88, '-', 'ธรณิศ หาญใจ', '2021-05-13', 10, 1, 59, 11, NULL, 1),
(695, 'ดี', 88, '-', 'ธรณิศ หาญใจ', '2021-05-13', 11, 1, 59, 11, NULL, 0),
(696, 'ดี', 88, '-', 'ธรณิศ หาญใจ', '2021-05-13', 12, 1, 59, 11, NULL, NULL),
(697, 'ดี', 88, '-', 'เกษมาพร ตัญบุญยกิจ', '2021-05-13', 1, 1, 60, 12, NULL, NULL),
(698, 'ดี', 88, '-', 'เกษมาพร ตัญบุญยกิจ', '2021-05-13', 2, 1, 60, 12, NULL, NULL),
(699, 'ดี', 88, '-', 'เกษมาพร ตัญบุญยกิจ', '2021-05-13', 3, 1, 60, 12, NULL, NULL),
(700, 'ดี', 88, '-', 'เกษมาพร ตัญบุญยกิจ', '2021-05-13', 4, 1, 60, 12, NULL, NULL),
(701, 'ดี', 88, '-', 'เกษมาพร ตัญบุญยกิจ', '2021-05-13', 5, 1, 60, 12, NULL, NULL),
(702, 'ดี', 88, '-', 'เกษมาพร ตัญบุญยกิจ', '2021-05-13', 6, 1, 60, 12, NULL, NULL),
(703, 'ดี', 88, '-', 'เกษมาพร ตัญบุญยกิจ', '2021-05-13', 7, 1, 60, 12, NULL, NULL),
(704, 'ดี', 88, '-', 'เกษมาพร ตัญบุญยกิจ', '2021-05-13', 8, 1, 60, 12, NULL, NULL),
(705, 'ดี', 88, '-', 'เกษมาพร ตัญบุญยกิจ', '2021-05-13', 9, 1, 60, 12, NULL, NULL),
(706, 'ดี', 87, '-', 'เกษมาพร ตัญบุญยกิจ', '2021-05-13', 10, 1, 60, 12, NULL, 1),
(707, 'ดี', 88, '-', 'เกษมาพร ตัญบุญยกิจ', '2021-05-13', 11, 1, 60, 12, NULL, 0),
(708, 'ดี', 88, '-', 'เกษมาพร ตัญบุญยกิจ', '2021-05-13', 12, 1, 60, 12, NULL, NULL),
(709, 'ดี', 88, 'ดี', 'เกษมาพร ตัญบุญยกิจ', '2021-05-13', 1, 1, 61, 12, NULL, NULL),
(710, 'ดี', 88, '-', 'เกษมาพร ตัญบุญยกิจ', '2021-05-13', 2, 1, 61, 12, NULL, NULL),
(711, 'ดี', 88, '-', 'เกษมาพร ตัญบุญยกิจ', '2021-05-13', 3, 1, 61, 12, NULL, NULL),
(712, 'ดี', 88, '-', 'เกษมาพร ตัญบุญยกิจ', '2021-05-13', 4, 1, 61, 12, NULL, NULL),
(713, 'ดี', 89, '-', 'เกษมาพร ตัญบุญยกิจ', '2021-05-13', 5, 1, 61, 12, NULL, NULL),
(714, 'ดี', 88, '-', 'เกษมาพร ตัญบุญยกิจ', '2021-05-13', 6, 1, 61, 12, NULL, NULL),
(715, 'ดี', 88, '-', 'เกษมาพร ตัญบุญยกิจ', '2021-05-13', 7, 1, 61, 12, NULL, NULL),
(716, 'ดี', 88, '-', 'เกษมาพร ตัญบุญยกิจ', '2021-05-13', 8, 1, 61, 12, NULL, NULL),
(717, 'ดี', 88, '-', 'เกษมาพร ตัญบุญยกิจ', '2021-05-13', 9, 1, 61, 12, NULL, NULL),
(718, 'ดี', 88, '-', 'เกษมาพร ตัญบุญยกิจ', '2021-05-13', 10, 1, 61, 12, NULL, 1),
(719, 'ดี', 88, '-', 'เกษมาพร ตัญบุญยกิจ', '2021-05-13', 11, 1, 61, 12, NULL, 0),
(720, 'ดี', 88, '-', 'เกษมาพร ตัญบุญยกิจ', '2021-05-13', 12, 1, 61, 12, NULL, NULL),
(721, 'ดี', 88, '-', 'เกษมาพร ตัญบุญยกิจ', '2021-05-13', 1, 1, 62, 12, NULL, NULL),
(722, 'ดี', 88, '-', 'เกษมาพร ตัญบุญยกิจ', '2021-05-13', 2, 1, 62, 12, NULL, NULL),
(723, 'ดี', 88, '-', 'เกษมาพร ตัญบุญยกิจ', '2021-05-13', 3, 1, 62, 12, NULL, NULL),
(724, 'ดี', 88, '-', 'เกษมาพร ตัญบุญยกิจ', '2021-05-13', 4, 1, 62, 12, NULL, NULL),
(725, 'ดี', 87, '-', 'เกษมาพร ตัญบุญยกิจ', '2021-05-13', 5, 1, 62, 12, NULL, NULL),
(726, 'ดี', 88, '-', 'เกษมาพร ตัญบุญยกิจ', '2021-05-13', 6, 1, 62, 12, NULL, NULL),
(727, 'ดี', 88, '-', 'เกษมาพร ตัญบุญยกิจ', '2021-05-13', 7, 1, 62, 12, NULL, NULL),
(728, 'ดี', 88, '-', 'เกษมาพร ตัญบุญยกิจ', '2021-05-13', 8, 1, 62, 12, NULL, NULL),
(729, 'ดี', 88, '-', 'เกษมาพร ตัญบุญยกิจ', '2021-05-13', 9, 1, 62, 12, NULL, NULL),
(730, 'ดี', 88, '-', 'เกษมาพร ตัญบุญยกิจ', '2021-05-13', 10, 1, 62, 12, NULL, 1),
(731, 'ดี', 88, '-', 'เกษมาพร ตัญบุญยกิจ', '2021-05-13', 11, 1, 62, 12, NULL, 0),
(732, 'ดี', 88, '-', 'เกษมาพร ตัญบุญยกิจ', '2021-05-13', 12, 1, 62, 12, NULL, NULL),
(733, 'ดี', 88, '-', 'อาภรณ์ ไชยสุวรรณ', '2021-05-13', 1, 1, 63, 13, NULL, NULL),
(734, 'ดี', 88, '-', 'อาภรณ์ ไชยสุวรรณ', '2021-05-13', 2, 1, 63, 13, NULL, NULL),
(735, 'ดี', 88, '-', 'อาภรณ์ ไชยสุวรรณ', '2021-05-13', 3, 1, 63, 13, NULL, NULL),
(736, 'ดี', 88, '-', 'อาภรณ์ ไชยสุวรรณ', '2021-05-13', 4, 1, 63, 13, NULL, NULL),
(737, 'ดี', 88, '-', 'อาภรณ์ ไชยสุวรรณ', '2021-05-13', 5, 1, 63, 13, NULL, NULL),
(738, 'ดี', 88, '-', 'อาภรณ์ ไชยสุวรรณ', '2021-05-13', 6, 1, 63, 13, NULL, NULL),
(739, 'ดี', 88, '-', 'อาภรณ์ ไชยสุวรรณ', '2021-05-13', 7, 1, 63, 13, NULL, NULL),
(740, 'ดี', 88, '-', 'อาภรณ์ ไชยสุวรรณ', '2021-05-13', 8, 1, 63, 13, NULL, NULL),
(741, 'ดี', 88, '-', 'อาภรณ์ ไชยสุวรรณ', '2021-05-13', 9, 1, 63, 13, NULL, NULL),
(742, 'ดี', 88, '-', 'อาภรณ์ ไชยสุวรรณ', '2021-05-13', 10, 1, 63, 13, NULL, 1),
(743, 'ดี', 88, '-', 'อาภรณ์ ไชยสุวรรณ', '2021-05-13', 11, 1, 63, 13, NULL, 0),
(744, 'ดี', 88, '-', 'อาภรณ์ ไชยสุวรรณ', '2021-05-13', 12, 1, 63, 13, NULL, NULL),
(745, 'ดี', 88, '-', 'อาภรณ์ ไชยสุวรรณ', '2021-05-13', 1, 1, 64, 13, NULL, NULL),
(746, 'ดี', 88, '-', 'อาภรณ์ ไชยสุวรรณ', '2021-05-13', 2, 1, 64, 13, NULL, NULL),
(747, 'ดี', 88, '-', 'อาภรณ์ ไชยสุวรรณ', '2021-05-13', 3, 1, 64, 13, NULL, NULL),
(748, 'ด', 88, '-', 'อาภรณ์ ไชยสุวรรณ', '2021-05-13', 4, 1, 64, 13, NULL, NULL),
(749, 'ดี', 88, '-', 'อาภรณ์ ไชยสุวรรณ', '2021-05-13', 5, 1, 64, 13, NULL, NULL),
(750, 'ดี', 88, '-', 'อาภรณ์ ไชยสุวรรณ', '2021-05-13', 6, 1, 64, 13, NULL, NULL),
(751, 'ดกี', 88, '-', 'อาภรณ์ ไชยสุวรรณ', '2021-05-13', 7, 1, 64, 13, NULL, NULL),
(752, 'ดี', 88, '-', 'อาภรณ์ ไชยสุวรรณ', '2021-05-13', 8, 1, 64, 13, NULL, NULL),
(753, 'ดี', 88, '-', 'อาภรณ์ ไชยสุวรรณ', '2021-05-13', 9, 1, 64, 13, NULL, NULL),
(754, 'ดี', 88, '-', 'อาภรณ์ ไชยสุวรรณ', '2021-05-13', 10, 1, 64, 13, NULL, 1),
(755, 'ดี', 88, '-', 'อาภรณ์ ไชยสุวรรณ', '2021-05-13', 11, 1, 64, 13, NULL, 0),
(756, 'ดี', 88, '-', 'อาภรณ์ ไชยสุวรรณ', '2021-05-13', 12, 1, 64, 13, NULL, NULL),
(757, 'ดี', 88, '-', 'อาภรณ์ ไชยสุวรรณ', '2021-05-13', 1, 1, 65, 13, NULL, NULL),
(758, 'ดี', 88, '-', 'อาภรณ์ ไชยสุวรรณ', '2021-05-13', 2, 1, 65, 13, NULL, NULL),
(759, 'ดี', 88, '-', 'อาภรณ์ ไชยสุวรรณ', '2021-05-13', 3, 1, 65, 13, NULL, NULL),
(760, 'ดี', 88, '-', 'อาภรณ์ ไชยสุวรรณ', '2021-05-13', 4, 1, 65, 13, NULL, NULL),
(761, 'ดี', 88, '-', 'อาภรณ์ ไชยสุวรรณ', '2021-05-13', 5, 1, 65, 13, NULL, NULL),
(762, 'ดี', 88, '-', 'อาภรณ์ ไชยสุวรรณ', '2021-05-13', 6, 1, 65, 13, NULL, NULL),
(763, 'ดี', 88, '-', 'อาภรณ์ ไชยสุวรรณ', '2021-05-13', 7, 1, 65, 13, NULL, NULL),
(764, 'ดี', 88, '-', 'อาภรณ์ ไชยสุวรรณ', '2021-05-13', 8, 1, 65, 13, NULL, NULL),
(765, 'ดี', 88, '-', 'อาภรณ์ ไชยสุวรรณ', '2021-05-13', 9, 1, 65, 13, NULL, NULL),
(766, 'ดี', 88, '-', 'อาภรณ์ ไชยสุวรรณ', '2021-05-13', 10, 1, 65, 13, NULL, 1),
(767, 'ดี', 88, '-', 'อาภรณ์ ไชยสุวรรณ', '2021-05-13', 11, 1, 65, 13, NULL, 0),
(768, 'ดี', 88, '-', 'อาภรณ์ ไชยสุวรรณ', '2021-05-13', 12, 1, 65, 13, NULL, NULL),
(769, 'ดี', 88, '-', 'อาภรณ์ ไชยสุวรรณ', '2021-05-13', 1, 1, 66, 14, NULL, NULL),
(770, 'ดี', 88, '-', 'อาภรณ์ ไชยสุวรรณ', '2021-05-13', 2, 1, 66, 14, NULL, NULL),
(771, 'ดี', 88, '-', 'อาภรณ์ ไชยสุวรรณ', '2021-05-13', 3, 1, 66, 14, NULL, NULL),
(772, 'ดี', 88, '-', 'อาภรณ์ ไชยสุวรรณ', '2021-05-13', 4, 1, 66, 14, NULL, NULL),
(773, 'ดี', 88, '-', 'อาภรณ์ ไชยสุวรรณ', '2021-05-13', 5, 1, 66, 14, NULL, NULL),
(774, 'ดี', 88, '-', 'อาภรณ์ ไชยสุวรรณ', '2021-05-13', 6, 1, 66, 14, NULL, NULL),
(775, 'ดี', 88, '-', 'อาภรณ์ ไชยสุวรรณ', '2021-05-13', 7, 1, 66, 14, NULL, NULL),
(776, 'ดี', 88, '-', 'อาภรณ์ ไชยสุวรรณ', '2021-05-13', 8, 1, 66, 14, NULL, NULL),
(777, 'ดี', 88, '-', 'อาภรณ์ ไชยสุวรรณ', '2021-05-13', 9, 1, 66, 14, NULL, NULL),
(778, 'ดี', 88, '-', 'อาภรณ์ ไชยสุวรรณ', '2021-05-13', 10, 1, 66, 14, NULL, 1),
(779, 'ดี', 88, '-', 'อาภรณ์ ไชยสุวรรณ', '2021-05-13', 11, 1, 66, 14, NULL, 0),
(780, 'ดี', 88, '-', 'อาภรณ์ ไชยสุวรรณ', '2021-05-13', 12, 1, 66, 14, NULL, NULL),
(781, 'ดี', 88, '-', 'ปรีชา รัสมี', '2021-05-13', 1, 1, 67, 14, NULL, NULL),
(782, 'ดี', 88, '-', 'ปรีชา รัสมี', '2021-05-13', 2, 1, 67, 14, NULL, NULL),
(783, 'ดี', 88, '-', 'ปรีชา รัสมี', '2021-05-13', 3, 1, 67, 14, NULL, NULL),
(784, 'ดี', 88, '-', 'ปรีชา รัสมี', '2021-05-13', 4, 1, 67, 14, NULL, NULL),
(785, 'ดี', 89, '-', 'ปรีชา รัสมี', '2021-05-13', 5, 1, 67, 14, NULL, NULL),
(786, 'ดี', 88, '-', 'ปรีชา รัสมี', '2021-05-13', 6, 1, 67, 14, NULL, NULL),
(787, 'ดี', 88, '-', 'ปรีชา รัสมี', '2021-05-13', 7, 1, 67, 14, NULL, NULL),
(788, 'ดี', 88, '-', 'ปรีชา รัสมี', '2021-05-13', 8, 1, 67, 14, NULL, NULL),
(789, 'ดี', 88, '-', 'ปรีชา รัสมี', '2021-05-13', 9, 1, 67, 14, NULL, NULL),
(790, 'ดี', 80, '-', 'ปรีชา รัสมี', '2021-05-13', 10, 1, 67, 14, NULL, 1),
(791, 'ดี', 88, '-', 'ปรีชา รัสมี', '2021-05-13', 11, 1, 67, 14, NULL, 0),
(792, 'ดี', 88, '-', 'ปรีชา รัสมี', '2021-05-13', 12, 1, 67, 14, NULL, NULL),
(793, 'ดี', 88, '-', 'ปรีชา รัสมี', '2021-05-13', 1, 1, 68, 14, NULL, NULL),
(794, 'ดี', 88, '-', 'ปรีชา รัสมี', '2021-05-13', 2, 1, 68, 14, NULL, NULL),
(795, 'ดี', 88, '-', 'ปรีชา รัสมี', '2021-05-13', 3, 1, 68, 14, NULL, NULL),
(796, 'ดี', 88, '-', 'ปรีชา รัสมี', '2021-05-13', 4, 1, 68, 14, NULL, NULL),
(797, 'ดีมาก', 97, '-', 'ปรีชา รัสมี', '2021-05-13', 5, 1, 68, 14, NULL, NULL),
(798, 'ดี', 88, '-', 'ปรีชา รัสมี', '2021-05-13', 6, 1, 68, 14, NULL, NULL),
(799, 'ดี', 88, '-', 'ปรีชา รัสมี', '2021-05-13', 7, 1, 68, 14, NULL, NULL),
(800, 'ดี', 88, '-', 'ปรีชา รัสมี', '2021-05-13', 8, 1, 68, 14, NULL, NULL),
(801, 'ดี', 88, '-', 'ปรีชา รัสมี', '2021-05-13', 9, 1, 68, 14, NULL, NULL),
(802, 'ดีมาก', 90, '-', 'ปรีชา รัสมี', '2021-05-13', 10, 1, 68, 14, NULL, 1),
(803, 'ดี', 88, '-', 'ปรีชา รัสมี', '2021-05-13', 11, 1, 68, 14, NULL, 0),
(804, 'ดี', 88, '-', 'ปรีชา รัสมี', '2021-05-13', 12, 1, 68, 14, NULL, NULL),
(805, 'สำเร็จ', 100, 'สำเร็จ', 'ธรณิศ หาญใจ', '2021-05-13', 1, 2, 69, 15, NULL, NULL),
(806, 'สำเร็จ', 100, 'สำเร็จ', 'ธรณิศ หาญใจ', '2021-05-13', 2, 2, 69, 15, NULL, NULL),
(807, 'สำเร็จลุล่วงแล้ว', 100, 'สำเร็จลุล่วงแล้ว', 'ธรณิศ หาญใจ', '2021-05-13', 3, 2, 69, 15, NULL, NULL),
(808, NULL, NULL, NULL, NULL, NULL, 4, 2, 69, 15, NULL, NULL),
(809, NULL, NULL, NULL, NULL, NULL, 5, 2, 69, 15, NULL, NULL),
(810, NULL, NULL, NULL, NULL, NULL, 6, 2, 69, 15, NULL, NULL),
(811, NULL, NULL, NULL, NULL, NULL, 7, 2, 69, 15, NULL, NULL),
(812, NULL, NULL, NULL, NULL, NULL, 8, 2, 69, 15, NULL, NULL),
(813, NULL, NULL, NULL, NULL, NULL, 9, 2, 69, 15, NULL, NULL),
(814, 'มีห้องสำหรับทำ smart classroom 100 ห้อง', 50, 'ได้ห้องมาแล้ว 100 ห้องสำหรับ Smart Classroom จะทำการหาห้องเพิ่ม', 'ธรณิศ หาญใจ', '2021-05-13', 10, 2, 69, 15, NULL, NULL),
(815, 'ได้ห้องเพิ่มเติมมา อีก 50 ห้อง', 70, 'ได้ห้องเพิ่มเติมมา อีก 50 ห้อง หาห้องเพิ่มเติม', 'ธรณิศ หาญใจ', '2021-05-13', 11, 2, 69, 15, NULL, NULL),
(816, 'หาห้องได้เพิ่มอีก 100 ห้อง', 100, 'มีห้องทั้งหมด 250 ห้อง', 'ธรณิศ หาญใจ', '2021-05-13', 12, 2, 69, 15, NULL, NULL),
(817, 'ติดตั้งโต๊ะเรียบร้อยแล้ว', 70, 'รอการติดตั้งโต๊ะอาจารย์', 'ธรณิศ หาญใจ', '2021-05-13', 1, 2, 70, 15, NULL, NULL),
(818, 'ทำการติดตั้ง โต๊ะให้อาจารย์แล้ว', 100, 'สำเร็จลุล่วงแล้ว', 'ธรณิศ หาญใจ', '2021-05-13', 2, 2, 70, 15, NULL, NULL),
(819, 'สำเร็จลุล่วงแล้ว', 100, 'สำเร็จลุล่วงแล้ว', 'ธรณิศ หาญใจ', '2021-05-13', 3, 2, 70, 15, NULL, NULL),
(820, NULL, NULL, NULL, NULL, NULL, 4, 2, 70, 15, NULL, NULL),
(821, NULL, NULL, NULL, NULL, NULL, 5, 2, 70, 15, NULL, NULL),
(822, NULL, NULL, NULL, NULL, NULL, 6, 2, 70, 15, NULL, NULL),
(823, NULL, NULL, NULL, NULL, NULL, 7, 2, 70, 15, NULL, NULL),
(824, NULL, NULL, NULL, NULL, NULL, 8, 2, 70, 15, NULL, NULL),
(825, NULL, NULL, NULL, NULL, NULL, 9, 2, 70, 15, NULL, NULL),
(826, 'ติดตั้ง projector แล้ว', 25, 'ติดตั้ง projector เหลือรอติดตั้ง air conditioner', 'ธรณิศ หาญใจ', '2021-05-13', 10, 2, 70, 15, NULL, NULL),
(827, 'ติดตั้ง air conditioner แล้ว', 50, 'รอทำการติดตั้ง กล้องวิดิโอ', 'ธรณิศ หาญใจ', '2021-05-13', 11, 2, 70, 15, NULL, NULL),
(828, 'ติดตั้งกล้องวิดิโอสำเร็จ', 70, 'รอติดตั้งโต๊ะสำหรับเรียน', 'ธรณิศ หาญใจ', '2021-05-13', 12, 2, 70, 15, NULL, NULL),
(829, 'สอนวิธีการใช้ห้องให้อาจารย์แล้ว', 100, 'สำเร็จแล้ว', 'ธรณิศ หาญใจ', '2021-05-13', 1, 2, 71, 15, NULL, NULL),
(830, 'สำเร็จลุล่วงแล้ว', 100, 'สำเร็จลุล่วงแล้ว', 'ธรณิศ หาญใจ', '2021-05-13', 2, 2, 71, 15, NULL, NULL),
(831, 'สำเร็จลุล่วงแล้ว', 100, 'สำเร็จลุล่วงแล้ว', 'ธรณิศ หาญใจ', '2021-05-13', 3, 2, 71, 15, NULL, NULL),
(832, NULL, NULL, NULL, NULL, NULL, 4, 2, 71, 15, NULL, NULL),
(833, NULL, NULL, NULL, NULL, NULL, 5, 2, 71, 15, NULL, NULL),
(834, NULL, NULL, NULL, NULL, NULL, 6, 2, 71, 15, NULL, NULL),
(835, NULL, NULL, NULL, NULL, NULL, 7, 2, 71, 15, NULL, NULL),
(836, NULL, NULL, NULL, NULL, NULL, 8, 2, 71, 15, NULL, NULL),
(837, NULL, NULL, NULL, NULL, NULL, 9, 2, 71, 15, NULL, NULL),
(838, 'ทำการอธิบายเกี่ยวกับ Smart Classroom เบื้องต้นให้กับเหล่าอาจารย์ 100 คน', 50, 'ทำการอธิบายเกี่ยวกับ Smart Classroom เบื้องต้นให้กับเหล่าอาจารย์ 100 คน แล้วจะทำการสอนใช้งานในโอกาสถัดไป', 'ธรณิศ หาญใจ', '2021-05-13', 10, 2, 71, 15, NULL, NULL),
(839, 'แนะนำห้องเรียนที่จะมีการใช้ smart classroom', 70, 'รอการ อธิบายอุปกรณ์', 'ธรณิศ หาญใจ', '2021-05-13', 11, 2, 71, 15, NULL, NULL),
(840, 'อาจารย์รู้ว่ามีอุปกรณ์ที่ใช้ในห้อง', 90, 'รอการอธิบายการใช้งาน', 'ธรณิศ หาญใจ', '2021-05-13', 12, 2, 71, 15, NULL, NULL),
(841, 'ดี', 100, NULL, 'เกษมาพร ตัญบุญยกิจ', '2021-05-13', 1, 2, 72, 16, NULL, NULL),
(842, 'ดี', 100, NULL, 'เกษมาพร ตัญบุญยกิจ', '2021-05-13', 2, 2, 72, 16, NULL, NULL),
(843, 'ดี', 100, NULL, 'เกษมาพร ตัญบุญยกิจ', '2021-05-13', 3, 2, 72, 16, NULL, NULL),
(844, NULL, NULL, NULL, NULL, NULL, 4, 2, 72, 16, NULL, NULL),
(845, NULL, NULL, NULL, NULL, NULL, 5, 2, 72, 16, NULL, NULL),
(846, NULL, NULL, NULL, NULL, NULL, 6, 2, 72, 16, NULL, NULL),
(847, NULL, NULL, NULL, NULL, NULL, 7, 2, 72, 16, NULL, NULL),
(848, NULL, NULL, NULL, NULL, NULL, 8, 2, 72, 16, NULL, NULL),
(849, NULL, NULL, NULL, NULL, NULL, 9, 2, 72, 16, NULL, NULL),
(850, 'ดี', 25, NULL, 'เกษมาพร ตัญบุญยกิจ', '2021-05-13', 10, 2, 72, 16, NULL, NULL),
(851, 'ดีมาก', 75, NULL, 'เกษมาพร ตัญบุญยกิจ', '2021-05-13', 11, 2, 72, 16, NULL, NULL),
(852, 'ค่อนข้างดี', 100, NULL, 'เกษมาพร ตัญบุญยกิจ', '2021-05-13', 12, 2, 72, 16, NULL, NULL),
(853, 'ดี', 80, NULL, 'เกษมาพร ตัญบุญยกิจ', '2021-05-13', 1, 2, 73, 16, NULL, NULL),
(854, 'ดีมาก', 90, NULL, 'เกษมาพร ตัญบุญยกิจ', '2021-05-13', 2, 2, 73, 16, NULL, NULL),
(855, 'ดี', 95, NULL, 'เกษมาพร ตัญบุญยกิจ', '2021-05-13', 3, 2, 73, 16, NULL, NULL),
(856, NULL, NULL, NULL, NULL, NULL, 4, 2, 73, 16, NULL, NULL),
(857, NULL, NULL, NULL, NULL, NULL, 5, 2, 73, 16, NULL, NULL),
(858, NULL, NULL, NULL, NULL, NULL, 6, 2, 73, 16, NULL, NULL),
(859, NULL, NULL, NULL, NULL, NULL, 7, 2, 73, 16, NULL, NULL),
(860, NULL, NULL, NULL, NULL, NULL, 8, 2, 73, 16, NULL, NULL),
(861, NULL, NULL, NULL, NULL, NULL, 9, 2, 73, 16, NULL, NULL),
(862, 'ดี', 30, NULL, 'เกษมาพร ตัญบุญยกิจ', '2021-05-13', 10, 2, 73, 16, NULL, NULL),
(863, 'พอใช้', 50, NULL, 'เกษมาพร ตัญบุญยกิจ', '2021-05-13', 11, 2, 73, 16, NULL, NULL),
(864, 'ดี', 75, NULL, 'เกษมาพร ตัญบุญยกิจ', '2021-05-13', 12, 2, 73, 16, NULL, NULL),
(865, 'ดี', 70, NULL, 'เกษมาพร ตัญบุญยกิจ', '2021-05-13', 1, 2, 74, 16, NULL, NULL),
(866, 'พอใช้', 90, NULL, 'เกษมาพร ตัญบุญยกิจ', '2021-05-13', 2, 2, 74, 16, NULL, NULL),
(867, 'พอใช้', 97, NULL, 'เกษมาพร ตัญบุญยกิจ', '2021-05-13', 3, 2, 74, 16, NULL, NULL),
(868, NULL, NULL, NULL, NULL, NULL, 4, 2, 74, 16, NULL, NULL),
(869, NULL, NULL, NULL, NULL, NULL, 5, 2, 74, 16, NULL, NULL),
(870, NULL, NULL, NULL, NULL, NULL, 6, 2, 74, 16, NULL, NULL),
(871, NULL, NULL, NULL, NULL, NULL, 7, 2, 74, 16, NULL, NULL),
(872, NULL, NULL, NULL, NULL, NULL, 8, 2, 74, 16, NULL, NULL),
(873, NULL, NULL, NULL, NULL, NULL, 9, 2, 74, 16, NULL, NULL),
(874, 'ดี', 20, NULL, 'เกษมาพร ตัญบุญยกิจ', '2021-05-13', 10, 2, 74, 16, NULL, NULL),
(875, 'พอใช้', 40, NULL, 'เกษมาพร ตัญบุญยกิจ', '2021-05-13', 11, 2, 74, 16, NULL, NULL),
(876, 'ดี', 60, NULL, 'เกษมาพร ตัญบุญยกิจ', '2021-05-13', 12, 2, 74, 16, NULL, NULL),
(877, 'ดี', 88, '-', 'อาภรณ์ ไชยสุวรรณ', '2021-05-13', 1, 2, 75, 17, NULL, NULL),
(878, 'ดี', 88, '-', 'อาภรณ์ ไชยสุวรรณ', '2021-05-13', 2, 2, 75, 17, NULL, NULL),
(879, 'ดี', 88, '-', 'อาภรณ์ ไชยสุวรรณ', '2021-05-13', 3, 2, 75, 17, NULL, NULL),
(880, NULL, NULL, NULL, NULL, NULL, 4, 2, 75, 17, NULL, NULL),
(881, NULL, NULL, NULL, NULL, NULL, 5, 2, 75, 17, NULL, NULL),
(882, NULL, NULL, NULL, NULL, NULL, 6, 2, 75, 17, NULL, NULL),
(883, NULL, NULL, NULL, NULL, NULL, 7, 2, 75, 17, NULL, NULL),
(884, NULL, NULL, NULL, NULL, NULL, 8, 2, 75, 17, NULL, NULL),
(885, NULL, NULL, NULL, NULL, NULL, 9, 2, 75, 17, NULL, NULL),
(886, 'ดี', 88, '-', 'อาภรณ์ ไชยสุวรรณ', '2021-05-13', 10, 2, 75, 17, NULL, NULL),
(887, 'ดี', 88, '-', 'อาภรณ์ ไชยสุวรรณ', '2021-05-13', 11, 2, 75, 17, NULL, NULL),
(888, 'ดี', 88, '-', 'อาภรณ์ ไชยสุวรรณ', '2021-05-13', 12, 2, 75, 17, NULL, NULL),
(889, 'ดี', 88, '-', 'อาภรณ์ ไชยสุวรรณ', '2021-05-13', 1, 2, 76, 17, NULL, NULL),
(890, 'ดี', 88, '-', 'อาภรณ์ ไชยสุวรรณ', '2021-05-13', 2, 2, 76, 17, NULL, NULL),
(891, 'ดี', 88, '-', 'อาภรณ์ ไชยสุวรรณ', '2021-05-13', 3, 2, 76, 17, NULL, NULL),
(892, NULL, NULL, NULL, NULL, NULL, 4, 2, 76, 17, NULL, NULL),
(893, NULL, NULL, NULL, NULL, NULL, 5, 2, 76, 17, NULL, NULL),
(894, NULL, NULL, NULL, NULL, NULL, 6, 2, 76, 17, NULL, NULL),
(895, NULL, NULL, NULL, NULL, NULL, 7, 2, 76, 17, NULL, NULL),
(896, NULL, NULL, NULL, NULL, NULL, 8, 2, 76, 17, NULL, NULL),
(897, NULL, NULL, NULL, NULL, NULL, 9, 2, 76, 17, NULL, NULL),
(898, 'ดี', 88, '-', 'อาภรณ์ ไชยสุวรรณ', '2021-05-13', 10, 2, 76, 17, NULL, NULL),
(899, 'ดี', 88, '-', 'อาภรณ์ ไชยสุวรรณ', '2021-05-13', 11, 2, 76, 17, NULL, NULL),
(900, 'ดี', 88, '-', 'อาภรณ์ ไชยสุวรรณ', '2021-05-13', 12, 2, 76, 17, NULL, NULL),
(901, 'ดี', 88, '-', 'อาภรณ์ ไชยสุวรรณ', '2021-05-13', 1, 2, 77, 17, NULL, NULL),
(902, 'ดี', 88, '-', 'อาภรณ์ ไชยสุวรรณ', '2021-05-13', 2, 2, 77, 17, NULL, NULL),
(903, 'ดี', 88, '-', 'อาภรณ์ ไชยสุวรรณ', '2021-05-13', 3, 2, 77, 17, NULL, NULL),
(904, NULL, NULL, NULL, NULL, NULL, 4, 2, 77, 17, NULL, NULL),
(905, NULL, NULL, NULL, NULL, NULL, 5, 2, 77, 17, NULL, NULL),
(906, NULL, NULL, NULL, NULL, NULL, 6, 2, 77, 17, NULL, NULL),
(907, NULL, NULL, NULL, NULL, NULL, 7, 2, 77, 17, NULL, NULL),
(908, NULL, NULL, NULL, NULL, NULL, 8, 2, 77, 17, NULL, NULL),
(909, NULL, NULL, NULL, NULL, NULL, 9, 2, 77, 17, NULL, NULL),
(910, 'ดี', 88, '-', 'อาภรณ์ ไชยสุวรรณ', '2021-05-13', 10, 2, 77, 17, NULL, NULL),
(911, NULL, NULL, NULL, NULL, NULL, 11, 2, 77, 17, NULL, NULL),
(912, 'ดี', 88, '-', 'อาภรณ์ ไชยสุวรรณ', '2021-05-13', 12, 2, 77, 17, NULL, NULL),
(925, NULL, NULL, NULL, NULL, NULL, 1, 3, 79, 18, NULL, NULL),
(926, NULL, NULL, NULL, NULL, NULL, 2, 3, 79, 18, NULL, NULL),
(927, NULL, NULL, NULL, NULL, NULL, 3, 3, 79, 18, NULL, NULL),
(928, NULL, NULL, NULL, NULL, NULL, 4, 3, 79, 18, NULL, NULL),
(929, NULL, NULL, NULL, NULL, NULL, 5, 3, 79, 18, NULL, NULL),
(930, NULL, NULL, NULL, NULL, NULL, 6, 3, 79, 18, NULL, NULL),
(931, NULL, NULL, NULL, NULL, NULL, 7, 3, 79, 18, NULL, NULL),
(932, NULL, NULL, NULL, NULL, NULL, 8, 3, 79, 18, NULL, NULL),
(933, NULL, NULL, NULL, NULL, NULL, 9, 3, 79, 18, NULL, NULL),
(934, NULL, NULL, NULL, NULL, NULL, 10, 3, 79, 18, NULL, NULL),
(935, NULL, NULL, NULL, NULL, NULL, 11, 3, 79, 18, NULL, NULL),
(936, NULL, NULL, NULL, NULL, NULL, 12, 3, 79, 18, NULL, NULL),
(961, NULL, NULL, NULL, NULL, NULL, 1, 3, 82, 18, NULL, NULL),
(962, NULL, NULL, NULL, NULL, NULL, 2, 3, 82, 18, NULL, NULL),
(963, NULL, NULL, NULL, NULL, NULL, 3, 3, 82, 18, NULL, NULL),
(964, NULL, NULL, NULL, NULL, NULL, 4, 3, 82, 18, NULL, NULL),
(965, NULL, NULL, NULL, NULL, NULL, 5, 3, 82, 18, NULL, NULL),
(966, NULL, NULL, NULL, NULL, NULL, 6, 3, 82, 18, NULL, NULL),
(967, NULL, NULL, NULL, NULL, NULL, 7, 3, 82, 18, NULL, NULL),
(968, NULL, NULL, NULL, NULL, NULL, 8, 3, 82, 18, NULL, NULL),
(969, NULL, NULL, NULL, NULL, NULL, 9, 3, 82, 18, NULL, NULL),
(970, NULL, NULL, NULL, NULL, NULL, 10, 3, 82, 18, NULL, NULL),
(971, NULL, NULL, NULL, NULL, NULL, 11, 3, 82, 18, NULL, NULL),
(972, NULL, NULL, NULL, NULL, NULL, 12, 3, 82, 18, NULL, NULL),
(973, NULL, NULL, NULL, NULL, NULL, 1, 2, 83, 18, NULL, NULL),
(974, NULL, NULL, NULL, NULL, NULL, 2, 2, 83, 18, NULL, NULL),
(975, NULL, NULL, NULL, NULL, NULL, 3, 2, 83, 18, NULL, NULL),
(976, NULL, NULL, NULL, NULL, NULL, 4, 2, 83, 18, NULL, NULL),
(977, NULL, NULL, NULL, NULL, NULL, 5, 2, 83, 18, NULL, NULL),
(978, NULL, NULL, NULL, NULL, NULL, 6, 2, 83, 18, NULL, NULL),
(979, NULL, NULL, NULL, NULL, NULL, 7, 2, 83, 18, NULL, NULL),
(980, NULL, NULL, NULL, NULL, NULL, 8, 2, 83, 18, NULL, NULL),
(981, NULL, NULL, NULL, NULL, NULL, 9, 2, 83, 18, NULL, NULL),
(982, NULL, NULL, NULL, NULL, NULL, 10, 2, 83, 18, NULL, NULL),
(983, NULL, NULL, NULL, NULL, NULL, 11, 2, 83, 18, NULL, NULL),
(984, NULL, NULL, NULL, NULL, NULL, 12, 2, 83, 18, NULL, NULL),
(985, NULL, NULL, NULL, NULL, NULL, 1, 2, 84, 19, NULL, NULL),
(986, NULL, NULL, NULL, NULL, NULL, 2, 2, 84, 19, NULL, NULL),
(987, NULL, NULL, NULL, NULL, NULL, 3, 2, 84, 19, NULL, NULL),
(988, NULL, NULL, NULL, NULL, NULL, 4, 2, 84, 19, NULL, NULL),
(989, NULL, NULL, NULL, NULL, NULL, 5, 2, 84, 19, NULL, NULL),
(990, NULL, NULL, NULL, NULL, NULL, 6, 2, 84, 19, NULL, NULL),
(991, NULL, NULL, NULL, NULL, NULL, 7, 2, 84, 19, NULL, NULL),
(992, NULL, NULL, NULL, NULL, NULL, 8, 2, 84, 19, NULL, NULL),
(993, NULL, NULL, NULL, NULL, NULL, 9, 2, 84, 19, NULL, NULL),
(994, NULL, NULL, NULL, NULL, NULL, 10, 2, 84, 19, NULL, NULL),
(995, NULL, NULL, NULL, NULL, NULL, 11, 2, 84, 19, NULL, NULL),
(996, NULL, NULL, NULL, NULL, NULL, 12, 2, 84, 19, NULL, NULL),
(997, NULL, NULL, NULL, NULL, NULL, 1, 2, 85, 20, NULL, NULL),
(998, NULL, NULL, NULL, NULL, NULL, 2, 2, 85, 20, NULL, NULL),
(999, NULL, NULL, NULL, NULL, NULL, 3, 2, 85, 20, NULL, NULL),
(1000, NULL, NULL, NULL, NULL, NULL, 4, 2, 85, 20, NULL, NULL),
(1001, NULL, NULL, NULL, NULL, NULL, 5, 2, 85, 20, NULL, NULL),
(1002, NULL, NULL, NULL, NULL, NULL, 6, 2, 85, 20, NULL, NULL),
(1003, NULL, NULL, NULL, NULL, NULL, 7, 2, 85, 20, NULL, NULL),
(1004, NULL, NULL, NULL, NULL, NULL, 8, 2, 85, 20, NULL, NULL),
(1005, NULL, NULL, NULL, NULL, NULL, 9, 2, 85, 20, NULL, NULL),
(1006, NULL, NULL, NULL, NULL, NULL, 10, 2, 85, 20, NULL, NULL),
(1007, NULL, NULL, NULL, NULL, NULL, 11, 2, 85, 20, NULL, NULL),
(1008, NULL, NULL, NULL, NULL, NULL, 12, 2, 85, 20, NULL, NULL),
(1009, NULL, NULL, NULL, NULL, NULL, 1, 2, 86, 20, NULL, NULL),
(1010, NULL, NULL, NULL, NULL, NULL, 2, 2, 86, 20, NULL, NULL),
(1011, NULL, NULL, NULL, NULL, NULL, 3, 2, 86, 20, NULL, NULL),
(1012, NULL, NULL, NULL, NULL, NULL, 4, 2, 86, 20, NULL, NULL),
(1013, NULL, NULL, NULL, NULL, NULL, 5, 2, 86, 20, NULL, NULL),
(1014, NULL, NULL, NULL, NULL, NULL, 6, 2, 86, 20, NULL, NULL),
(1015, NULL, NULL, NULL, NULL, NULL, 7, 2, 86, 20, NULL, NULL),
(1016, NULL, NULL, NULL, NULL, NULL, 8, 2, 86, 20, NULL, NULL),
(1017, NULL, NULL, NULL, NULL, NULL, 9, 2, 86, 20, NULL, NULL),
(1018, NULL, NULL, NULL, NULL, NULL, 10, 2, 86, 20, NULL, NULL),
(1019, NULL, NULL, NULL, NULL, NULL, 11, 2, 86, 20, NULL, NULL),
(1020, NULL, NULL, NULL, NULL, NULL, 12, 2, 86, 20, NULL, NULL),
(1021, NULL, NULL, NULL, NULL, NULL, 1, 2, 87, 20, NULL, NULL),
(1022, NULL, NULL, NULL, NULL, NULL, 2, 2, 87, 20, NULL, NULL),
(1023, NULL, NULL, NULL, NULL, NULL, 3, 2, 87, 20, NULL, NULL),
(1024, NULL, NULL, NULL, NULL, NULL, 4, 2, 87, 20, NULL, NULL),
(1025, 'ดี', 90, '-', 'ธรณิศ หาญใจ', '2021-05-13', 5, 2, 87, 20, NULL, NULL),
(1026, NULL, NULL, NULL, NULL, NULL, 6, 2, 87, 20, NULL, NULL),
(1027, NULL, NULL, NULL, NULL, NULL, 7, 2, 87, 20, NULL, NULL),
(1028, NULL, NULL, NULL, NULL, NULL, 8, 2, 87, 20, NULL, NULL),
(1029, NULL, NULL, NULL, NULL, NULL, 9, 2, 87, 20, NULL, NULL),
(1030, NULL, NULL, NULL, NULL, NULL, 10, 2, 87, 20, NULL, NULL),
(1031, NULL, NULL, NULL, NULL, NULL, 11, 2, 87, 20, NULL, NULL),
(1032, NULL, NULL, NULL, NULL, NULL, 12, 2, 87, 20, NULL, NULL);

-- --------------------------------------------------------

--
-- โครงสร้างตาราง `list_item`
--

CREATE TABLE `list_item` (
  `id_item` int(11) NOT NULL,
  `name_item` varchar(255) NOT NULL,
  `year_id` int(11) NOT NULL,
  `unit_id_unit` varchar(255) NOT NULL,
  `created_at` timestamp NULL DEFAULT current_timestamp(),
  `updated_at` timestamp NULL DEFAULT current_timestamp() ON UPDATE current_timestamp()
) ENGINE=InnoDB DEFAULT CHARSET=utf8;

--
-- dump ตาราง `list_item`
--

INSERT INTO `list_item` (`id_item`, `name_item`, `year_id`, `unit_id_unit`, `created_at`, `updated_at`) VALUES
(1, 'การเข้าใช้บริการพื้นที่ศูนย์บรรณสารฯ ผ่านประตู RFID', 1, '1', '2021-04-20 07:45:13', '2021-04-27 07:53:01'),
(81, 'การเข้าใช้บริการพื้นที่ศูนย์บรรณสารฯ ผ่านประตู RFID', 1, '1', '2021-04-20 08:01:39', '2021-04-20 08:01:39'),
(82, 'การเข้าใช้บริการพื้นที่ศูนย์บรรณสารฯ ผ่านประตูหลัง RFID', 1, '1', '2021-04-20 08:01:59', '2021-04-20 08:01:59'),
(83, 'การเข้าใช้บริการพื้นที่ศูนย์บรรณสารฯ ผ่านประตูข้าง RFID', 1, '2', '2021-04-20 08:02:09', '2021-04-27 05:31:22'),
(90, 'test count 1 zmonx', 1, '1', '2021-04-27 06:56:08', '2021-04-27 06:56:08'),
(94, 'sdasdasdadsadasd', 3, '1', '2021-05-11 14:31:02', '2021-05-11 14:31:02'),
(97, 'หัวข้อตัวชี้วัดทดสอบ1', 1, '1', '2021-05-13 06:39:16', '2021-05-13 06:39:16');

-- --------------------------------------------------------

--
-- โครงสร้างตาราง `migrations`
--

CREATE TABLE `migrations` (
  `id` int(10) UNSIGNED NOT NULL,
  `migration` varchar(255) COLLATE utf8mb4_unicode_ci NOT NULL,
  `batch` int(11) NOT NULL
) ENGINE=InnoDB DEFAULT CHARSET=utf8mb4 COLLATE=utf8mb4_unicode_ci;

--
-- dump ตาราง `migrations`
--

INSERT INTO `migrations` (`id`, `migration`, `batch`) VALUES
(1, '2014_10_12_000000_create_users_table', 1),
(2, '2014_10_12_100000_create_password_resets_table', 1),
(3, '2019_08_19_000000_create_failed_jobs_table', 1),
(4, '2021_03_09_065453_create_flights_table', 1),
(5, '2021_03_09_065507_create_indicators_table', 1),
(6, '2021_03_16_063853_create_sessions_table', 1),
(7, '2021_03_16_103609_create_file_table', 1);

-- --------------------------------------------------------

--
-- โครงสร้างตาราง `mwallet_user`
--

CREATE TABLE `mwallet_user` (
  `user_id` int(11) NOT NULL,
  `user_firstname` varchar(50) DEFAULT NULL,
  `user_lastname` varchar(50) DEFAULT NULL,
  `user_address` varchar(100) DEFAULT NULL,
  `user_phone` varchar(10) DEFAULT NULL,
  `user_name` varchar(50) DEFAULT NULL,
  `user_password` varchar(10) DEFAULT NULL
) ENGINE=InnoDB DEFAULT CHARSET=utf8;

--
-- dump ตาราง `mwallet_user`
--

INSERT INTO `mwallet_user` (`user_id`, `user_firstname`, `user_lastname`, `user_address`, `user_phone`, `user_name`, `user_password`) VALUES
(1, 'Piyamin', 'Chaima', '23 หมู่ 10 ต.ไทยบุรี อ.เมือง จ.นครศรีธรรมราช', '0869128032', 'PiyaminMiw', '12345'),
(2, 'Chanikan', 'Patjamanphong', '78 หมู่ 10 ต.ไทยบุรี อ.เมือง จ.นครศรีธรรมราช', '0854793214', 'Chani', '54321');

-- --------------------------------------------------------

--
-- โครงสร้างตาราง `nodejs_api`
--

CREATE TABLE `nodejs_api` (
  `id` int(11) NOT NULL,
  `name` varchar(100) NOT NULL,
  `author` varchar(100) NOT NULL,
  `create_at` timestamp NOT NULL DEFAULT current_timestamp() ON UPDATE current_timestamp(),
  `update_at` timestamp NOT NULL DEFAULT current_timestamp() ON UPDATE current_timestamp()
) ENGINE=InnoDB DEFAULT CHARSET=utf8mb4;

--
-- dump ตาราง `nodejs_api`
--

INSERT INTO `nodejs_api` (`id`, `name`, `author`, `create_at`, `update_at`) VALUES
(1, 'test', 'test', '2021-03-22 16:23:00', '2021-03-22 16:23:00'),
(2, 'ekeke113', 'tan', '2021-03-24 08:28:19', '2021-03-24 08:28:19'),
(3, 'TanSoft', 'tan!', '2021-03-24 08:28:53', '2021-03-24 08:28:53'),
(4, 'TanSoft', 'tan!', '2021-03-24 08:29:00', '2021-03-24 08:29:00'),
(5, '002112', '151512', '2021-04-14 11:22:14', '2021-04-14 11:22:14'),
(6, 'RESTFul', 'API', '2021-04-14 11:25:29', '2021-04-14 11:25:29');

-- --------------------------------------------------------

--
-- โครงสร้างตาราง `object`
--

CREATE TABLE `object` (
  `idobject` int(11) NOT NULL,
  `status` varchar(45) DEFAULT NULL,
  `nameObject` varchar(200) DEFAULT NULL,
  `year_year_id` int(11) NOT NULL
) ENGINE=InnoDB DEFAULT CHARSET=utf8;

--
-- dump ตาราง `object`
--

INSERT INTO `object` (`idobject`, `status`, `nameObject`, `year_year_id`) VALUES
(9, '2', 'test 64', 3),
(10, '1', 'test2 64', 3),
(11, '1', 'Smart Classroom 100% (อคร.6)', 1),
(12, '1', 'งบก่อสร้าง Digital Learning & Innovation Hub และ Central Library', 1),
(13, '1', 'มุ่งเน้นการผลิต Digital Content เพื่อสนับสนุนการเรียนรู้ออนไลน์', 1),
(14, '1', 'พัฒนาองค์กรให้เป็น HPO (จำนวนผู้ใช้/ความคุ้มค่า/ประสิทธิภาพ)', 1),
(15, '1', 'Smart Classrrom 100% (อคร.6)', 2),
(16, '1', 'งบก่อสร้าง Digital Learning & Innovation Hub และ Central Library', 2),
(17, '1', 'มุ่งเน้นการผลิต Digital Content เพื่อสนับสนุนการเรียนรู้ออนไลน์', 2),
(18, '1', 'พัฒนาองค์กรให้เป็น HPO (จำนวนผู้ใช้/ความคุ้มค่า/ประสิทธิภาพ)', 2),
(19, '1', 'test final 2', 2),
(20, '1', 'Smart Classrrom 100% (อคร.6) 2', 2);

-- --------------------------------------------------------

--
-- โครงสร้างตาราง `password_resets`
--

CREATE TABLE `password_resets` (
  `email` varchar(255) COLLATE utf8mb4_unicode_ci NOT NULL,
  `token` varchar(255) COLLATE utf8mb4_unicode_ci NOT NULL,
  `created_at` timestamp NULL DEFAULT NULL
) ENGINE=InnoDB DEFAULT CHARSET=utf8mb4 COLLATE=utf8mb4_unicode_ci;

-- --------------------------------------------------------

--
-- โครงสร้างตาราง `position_list`
--

CREATE TABLE `position_list` (
  `id_position` int(11) NOT NULL,
  `name_position` varchar(255) NOT NULL,
  `created_at` timestamp NULL DEFAULT current_timestamp(),
  `updated_at` timestamp NULL DEFAULT current_timestamp() ON UPDATE current_timestamp()
) ENGINE=InnoDB DEFAULT CHARSET=utf8;

--
-- dump ตาราง `position_list`
--

INSERT INTO `position_list` (`id_position`, `name_position`, `created_at`, `updated_at`) VALUES
(1, 'ผู้อำนวยการศูนย์บรรณสารและสื่อการศึกษา', '2021-03-24 15:00:45', '2021-03-24 15:00:45'),
(2, 'รองผู้อำนวยการศูนย์บรรณสารและสื่อการศึกษา', '2021-03-24 15:00:45', '2021-03-24 15:00:45'),
(3, 'หัวหน้าฝ่าย', '2021-03-24 15:00:45', '2021-03-24 15:00:45'),
(4, 'พนักงานธุรการ', '2021-03-24 15:00:45', '2021-03-24 15:00:45'),
(5, 'บรรณารักษ์', '2021-03-24 15:00:45', '2021-03-24 15:00:45'),
(6, 'นักเทคโนโลยีการศึกษา', '2021-03-24 15:00:45', '2021-03-24 15:00:45'),
(7, 'นายช่างเทคนิค', '2021-03-24 15:00:45', '2021-03-24 15:00:45'),
(8, 'จนท.วิเคราะห์ระบบงานคอมพิวเตอร์', '2021-03-24 15:00:45', '2021-03-24 15:00:45');

-- --------------------------------------------------------

--
-- โครงสร้างตาราง `priority`
--

CREATE TABLE `priority` (
  `id_item` int(11) NOT NULL,
  `id_employee` int(11) NOT NULL,
  `create_at` timestamp NOT NULL DEFAULT current_timestamp(),
  `update_at` timestamp NOT NULL DEFAULT current_timestamp() ON UPDATE current_timestamp()
) ENGINE=InnoDB DEFAULT CHARSET=utf8mb4 COLLATE=utf8mb4_unicode_ci;

--
-- dump ตาราง `priority`
--

INSERT INTO `priority` (`id_item`, `id_employee`, `create_at`, `update_at`) VALUES
(1, 20, '2021-05-11 11:48:54', '2021-05-11 11:48:54'),
(1, 21, '2021-05-11 11:48:54', '2021-05-11 11:48:54'),
(1, 22, '2021-05-11 11:48:54', '2021-05-11 11:48:54'),
(1, 23, '2021-05-11 11:48:54', '2021-05-11 11:48:54'),
(1, 24, '2021-05-11 11:48:54', '2021-05-11 11:48:54'),
(82, 20, '2021-04-20 08:04:32', '2021-04-20 08:04:32'),
(83, 20, '2021-04-27 05:31:22', '2021-04-27 05:31:22'),
(85, 20, '2021-04-27 06:19:36', '2021-04-27 06:19:36'),
(86, 20, '2021-04-27 06:20:04', '2021-04-27 06:20:04'),
(87, 20, '2021-04-27 06:23:28', '2021-04-27 06:23:28'),
(89, 20, '2021-04-27 06:56:58', '2021-04-27 06:56:58'),
(90, 20, '2021-04-27 06:56:51', '2021-04-27 06:56:51'),
(91, 21, '2021-05-11 10:14:25', '2021-05-11 10:14:25'),
(94, 20, '2021-05-12 07:38:07', '2021-05-12 07:38:07'),
(94, 22, '2021-05-12 07:38:07', '2021-05-12 07:38:07'),
(97, 20, '2021-05-13 06:40:13', '2021-05-13 06:40:13'),
(97, 21, '2021-05-13 06:40:13', '2021-05-13 06:40:13');

-- --------------------------------------------------------

--
-- โครงสร้างตาราง `responsibility`
--

CREATE TABLE `responsibility` (
  `id_item` int(11) NOT NULL,
  `id_employee` int(11) NOT NULL
) ENGINE=InnoDB DEFAULT CHARSET=utf8;

-- --------------------------------------------------------

--
-- โครงสร้างตาราง `result`
--

CREATE TABLE `result` (
  `result_ID` int(11) NOT NULL,
  `result` int(11) DEFAULT NULL,
  `performance_result` varchar(500) DEFAULT NULL,
  `mount` int(2) DEFAULT NULL,
  `indicator_result_indicator_result_ID` int(11) NOT NULL,
  `year_year_id` int(11) NOT NULL,
  `status` int(11) NOT NULL
) ENGINE=InnoDB DEFAULT CHARSET=utf8;

--
-- dump ตาราง `result`
--

INSERT INTO `result` (`result_ID`, `result`, `performance_result`, `mount`, `indicator_result_indicator_result_ID`, `year_year_id`, `status`) VALUES
(409, NULL, NULL, 1, 44, 2, 0),
(410, NULL, NULL, 2, 44, 2, 0),
(411, NULL, NULL, 3, 44, 2, 0),
(412, NULL, NULL, 4, 44, 2, 0),
(413, 1, 'sdfsdfsdf', 5, 44, 2, 1),
(414, NULL, NULL, 6, 44, 2, 0),
(415, NULL, NULL, 7, 44, 2, 0),
(416, NULL, NULL, 8, 44, 2, 0),
(417, NULL, NULL, 9, 44, 2, 0),
(418, NULL, NULL, 10, 44, 2, 0),
(419, NULL, NULL, 11, 44, 2, 0),
(420, NULL, NULL, 12, 44, 2, 0),
(421, NULL, NULL, 1, 45, 2, 0),
(422, NULL, NULL, 2, 45, 2, 0),
(423, NULL, NULL, 3, 45, 2, 0),
(424, NULL, NULL, 4, 45, 2, 0),
(425, 1, 'xzczcxc', 5, 45, 2, 1),
(426, NULL, NULL, 6, 45, 2, 0),
(427, NULL, NULL, 7, 45, 2, 0),
(428, NULL, NULL, 8, 45, 2, 0),
(429, NULL, NULL, 9, 45, 2, 0),
(430, NULL, NULL, 10, 45, 2, 0),
(431, NULL, NULL, 11, 45, 2, 0),
(432, NULL, NULL, 12, 45, 2, 0),
(433, NULL, NULL, 1, 46, 2, 0),
(434, NULL, NULL, 2, 46, 2, 0),
(435, NULL, NULL, 3, 46, 2, 0),
(436, NULL, NULL, 4, 46, 2, 0),
(437, 1, 'sdasdd', 5, 46, 2, 1),
(438, NULL, NULL, 6, 46, 2, 0),
(439, NULL, NULL, 7, 46, 2, 0),
(440, NULL, NULL, 8, 46, 2, 0),
(441, NULL, NULL, 9, 46, 2, 0),
(442, NULL, NULL, 10, 46, 2, 0),
(443, NULL, NULL, 11, 46, 2, 0),
(444, NULL, NULL, 12, 46, 2, 0),
(445, NULL, NULL, 1, 47, 2, 0),
(446, NULL, NULL, 2, 47, 2, 0),
(447, NULL, NULL, 3, 47, 2, 0),
(448, NULL, NULL, 4, 47, 2, 0),
(449, 1, '23324242', 5, 47, 2, 1),
(450, NULL, NULL, 6, 47, 2, 0),
(451, NULL, NULL, 7, 47, 2, 0),
(452, NULL, NULL, 8, 47, 2, 0),
(453, NULL, NULL, 9, 47, 2, 0),
(454, NULL, NULL, 10, 47, 2, 0),
(455, NULL, NULL, 11, 47, 2, 0),
(456, NULL, NULL, 12, 47, 2, 0),
(457, NULL, NULL, 1, 48, 2, 0),
(458, NULL, NULL, 2, 48, 2, 0),
(459, NULL, NULL, 3, 48, 2, 0),
(460, NULL, NULL, 4, 48, 2, 0),
(461, 1, 'sdsdadad', 5, 48, 2, 1),
(462, NULL, NULL, 6, 48, 2, 0),
(463, NULL, NULL, 7, 48, 2, 0),
(464, NULL, NULL, 8, 48, 2, 0),
(465, NULL, NULL, 9, 48, 2, 0),
(466, NULL, NULL, 10, 48, 2, 0),
(467, NULL, NULL, 11, 48, 2, 0),
(468, NULL, NULL, 12, 48, 2, 0),
(469, NULL, NULL, 1, 49, 2, 0),
(470, NULL, NULL, 2, 49, 2, 0),
(471, NULL, NULL, 3, 49, 2, 0),
(472, NULL, NULL, 4, 49, 2, 0),
(473, 1, 'sdadad', 5, 49, 2, 1),
(474, NULL, NULL, 6, 49, 2, 0),
(475, NULL, NULL, 7, 49, 2, 0),
(476, NULL, NULL, 8, 49, 2, 0),
(477, NULL, NULL, 9, 49, 2, 0),
(478, NULL, NULL, 10, 49, 2, 0),
(479, NULL, NULL, 11, 49, 2, 0),
(480, NULL, NULL, 12, 49, 2, 0),
(481, NULL, NULL, 1, 50, 2, 0),
(482, NULL, NULL, 2, 50, 2, 0),
(483, NULL, NULL, 3, 50, 2, 0),
(484, NULL, NULL, 4, 50, 2, 0),
(485, 1, '3sdadsd', 5, 50, 2, 1),
(486, NULL, NULL, 6, 50, 2, 0),
(487, NULL, NULL, 7, 50, 2, 0),
(488, NULL, NULL, 8, 50, 2, 0),
(489, NULL, NULL, 9, 50, 2, 0),
(490, NULL, NULL, 10, 50, 2, 0),
(491, NULL, NULL, 11, 50, 2, 0),
(492, NULL, NULL, 12, 50, 2, 0),
(493, NULL, NULL, 1, 51, 2, 0),
(494, NULL, NULL, 2, 51, 2, 0),
(495, NULL, NULL, 3, 51, 2, 0),
(496, NULL, NULL, 4, 51, 2, 0),
(497, 1, 'defsfdfs', 5, 51, 2, 1),
(498, NULL, NULL, 6, 51, 2, 0),
(499, NULL, NULL, 7, 51, 2, 0),
(500, NULL, NULL, 8, 51, 2, 0),
(501, NULL, NULL, 9, 51, 2, 0),
(502, NULL, NULL, 10, 51, 2, 0),
(503, NULL, NULL, 11, 51, 2, 0),
(504, NULL, NULL, 12, 51, 2, 0),
(505, NULL, NULL, 1, 52, 2, 0),
(506, NULL, NULL, 2, 52, 2, 0),
(507, NULL, NULL, 3, 52, 2, 0),
(508, NULL, NULL, 4, 52, 2, 0),
(509, 1, 'sdadasdasd', 5, 52, 2, 1),
(510, NULL, NULL, 6, 52, 2, 0),
(511, NULL, NULL, 7, 52, 2, 0),
(512, NULL, NULL, 8, 52, 2, 0),
(513, NULL, NULL, 9, 52, 2, 0),
(514, NULL, NULL, 10, 52, 2, 0),
(515, NULL, NULL, 11, 52, 2, 0),
(516, NULL, NULL, 12, 52, 2, 0),
(517, NULL, NULL, 1, 53, 2, 0),
(518, NULL, NULL, 2, 53, 2, 0),
(519, NULL, NULL, 3, 53, 2, 0),
(520, NULL, NULL, 4, 53, 2, 0),
(521, 1, 'dfsfsff', 5, 53, 2, 1),
(522, NULL, NULL, 6, 53, 2, 0),
(523, NULL, NULL, 7, 53, 2, 0),
(524, NULL, NULL, 8, 53, 2, 0),
(525, NULL, NULL, 9, 53, 2, 0),
(526, NULL, NULL, 10, 53, 2, 0),
(527, NULL, NULL, 11, 53, 2, 0),
(528, NULL, NULL, 12, 53, 2, 0),
(529, NULL, NULL, 1, 54, 2, 0),
(530, NULL, NULL, 2, 54, 2, 0),
(531, NULL, NULL, 3, 54, 2, 0),
(532, NULL, NULL, 4, 54, 2, 0),
(533, 1, 'sdadsda', 5, 54, 2, 1),
(534, NULL, NULL, 6, 54, 2, 0),
(535, NULL, NULL, 7, 54, 2, 0),
(536, NULL, NULL, 8, 54, 2, 0),
(537, NULL, NULL, 9, 54, 2, 0),
(538, NULL, NULL, 10, 54, 2, 0),
(539, NULL, NULL, 11, 54, 2, 0),
(540, NULL, NULL, 12, 54, 2, 0),
(541, NULL, NULL, 1, 55, 2, 0),
(542, NULL, NULL, 2, 55, 2, 0),
(543, NULL, NULL, 3, 55, 2, 0),
(544, NULL, NULL, 4, 55, 2, 0),
(545, 1, 'dadadad', 5, 55, 2, 1),
(546, NULL, NULL, 6, 55, 2, 0),
(547, NULL, NULL, 7, 55, 2, 0),
(548, NULL, NULL, 8, 55, 2, 0),
(549, NULL, NULL, 9, 55, 2, 0),
(550, NULL, NULL, 10, 55, 2, 0),
(551, NULL, NULL, 11, 55, 2, 0),
(552, NULL, NULL, 12, 55, 2, 0),
(553, NULL, NULL, 1, 56, 2, 0),
(554, 37, 'test', 2, 56, 2, 0),
(555, NULL, NULL, 3, 56, 2, 0),
(556, NULL, NULL, 4, 56, 2, 0),
(557, 1, 'esdadad', 5, 56, 2, 1),
(558, NULL, NULL, 6, 56, 2, 0),
(559, NULL, NULL, 7, 56, 2, 0),
(560, NULL, NULL, 8, 56, 2, 0),
(561, NULL, NULL, 9, 56, 2, 0),
(562, NULL, NULL, 10, 56, 2, 0),
(563, NULL, NULL, 11, 56, 2, 0),
(564, NULL, NULL, 12, 56, 2, 0),
(577, NULL, NULL, 1, 58, 2, 0),
(578, NULL, NULL, 2, 58, 2, 0),
(579, NULL, NULL, 3, 58, 2, 0),
(580, NULL, NULL, 4, 58, 2, 0),
(581, 1, 'sadasdad', 5, 58, 2, 1),
(582, NULL, NULL, 6, 58, 2, 0),
(583, NULL, NULL, 7, 58, 2, 0),
(584, NULL, NULL, 8, 58, 2, 0),
(585, NULL, NULL, 9, 58, 2, 0),
(586, NULL, NULL, 10, 58, 2, 0),
(587, NULL, NULL, 11, 58, 2, 0),
(588, NULL, NULL, 12, 58, 2, 0),
(589, NULL, NULL, 1, 59, 2, 0),
(590, NULL, NULL, 2, 59, 2, 0),
(591, NULL, NULL, 3, 59, 2, 0),
(592, NULL, NULL, 4, 59, 2, 0),
(593, 1, 'dsfsdfsdf', 5, 59, 2, 1),
(594, NULL, NULL, 6, 59, 2, 0),
(595, NULL, NULL, 7, 59, 2, 0),
(596, NULL, NULL, 8, 59, 2, 0),
(597, NULL, NULL, 9, 59, 2, 0),
(598, NULL, NULL, 10, 59, 2, 0),
(599, NULL, NULL, 11, 59, 2, 0),
(600, NULL, NULL, 12, 59, 2, 0);

-- --------------------------------------------------------

--
-- โครงสร้างตาราง `sessions`
--

CREATE TABLE `sessions` (
  `id` varchar(255) COLLATE utf8mb4_unicode_ci NOT NULL,
  `user_id` bigint(20) UNSIGNED DEFAULT NULL,
  `ip_address` varchar(45) COLLATE utf8mb4_unicode_ci DEFAULT NULL,
  `user_agent` text COLLATE utf8mb4_unicode_ci DEFAULT NULL,
  `payload` text COLLATE utf8mb4_unicode_ci NOT NULL,
  `last_activity` int(11) NOT NULL
) ENGINE=InnoDB DEFAULT CHARSET=utf8mb4 COLLATE=utf8mb4_unicode_ci;

-- --------------------------------------------------------

--
-- โครงสร้างตาราง `status_code`
--

CREATE TABLE `status_code` (
  `id_status` int(11) NOT NULL,
  `code_name` varchar(50) COLLATE utf8mb4_unicode_ci NOT NULL
) ENGINE=InnoDB DEFAULT CHARSET=utf8mb4 COLLATE=utf8mb4_unicode_ci;

--
-- dump ตาราง `status_code`
--

INSERT INTO `status_code` (`id_status`, `code_name`) VALUES
(1, 'user'),
(2, 'admin'),
(3, 'super_admin');

-- --------------------------------------------------------

--
-- โครงสร้างตาราง `stratetegic`
--

CREATE TABLE `stratetegic` (
  `stratetegic_ID` int(11) NOT NULL,
  `result` int(11) DEFAULT NULL,
  `percent` double DEFAULT NULL,
  `job` varchar(500) DEFAULT NULL,
  `mount` varchar(45) DEFAULT NULL,
  `indicator_stratetegic_indicator_stratetegic_id` int(11) NOT NULL,
  `year_year_id` int(11) NOT NULL,
  `status` int(11) NOT NULL
) ENGINE=InnoDB DEFAULT CHARSET=utf8;

--
-- dump ตาราง `stratetegic`
--

INSERT INTO `stratetegic` (`stratetegic_ID`, `result`, `percent`, `job`, `mount`, `indicator_stratetegic_indicator_stratetegic_id`, `year_year_id`, `status`) VALUES
(289, NULL, NULL, NULL, '1', 53, 2, 0),
(290, NULL, NULL, NULL, '2', 53, 2, 0),
(291, NULL, NULL, NULL, '3', 53, 2, 0),
(292, NULL, NULL, NULL, '4', 53, 2, 0),
(293, 45, 45, 'test', '5', 53, 2, 0),
(294, NULL, NULL, NULL, '6', 53, 2, 0),
(295, NULL, NULL, NULL, '7', 53, 2, 0),
(296, NULL, NULL, NULL, '8', 53, 2, 0),
(297, NULL, NULL, NULL, '9', 53, 2, 0),
(298, NULL, NULL, NULL, '10', 53, 2, 0),
(299, NULL, NULL, NULL, '11', 53, 2, 0),
(300, NULL, NULL, NULL, '12', 53, 2, 0);

-- --------------------------------------------------------

--
-- โครงสร้างตาราง `summary`
--

CREATE TABLE `summary` (
  `id_item` int(11) NOT NULL,
  `count` int(200) DEFAULT NULL,
  `month` int(11) NOT NULL,
  `year_id` int(11) NOT NULL,
  `created_at` timestamp NULL DEFAULT current_timestamp(),
  `updated_at` timestamp NULL DEFAULT current_timestamp() ON UPDATE current_timestamp()
) ENGINE=InnoDB DEFAULT CHARSET=utf8;

-- --------------------------------------------------------

--
-- โครงสร้างตาราง `transaction`
--

CREATE TABLE `transaction` (
  `id_item` int(11) NOT NULL,
  `id_employee` int(11) NOT NULL,
  `count` int(100) DEFAULT NULL,
  `description` varchar(500) DEFAULT NULL,
  `status` int(1) NOT NULL,
  `month` int(50) NOT NULL,
  `year_year_id` int(11) NOT NULL,
  `created_at` timestamp NULL DEFAULT current_timestamp(),
  `updated_at` timestamp NULL DEFAULT current_timestamp() ON UPDATE current_timestamp()
) ENGINE=InnoDB DEFAULT CHARSET=utf8;

--
-- dump ตาราง `transaction`
--

INSERT INTO `transaction` (`id_item`, `id_employee`, `count`, `description`, `status`, `month`, `year_year_id`, `created_at`, `updated_at`) VALUES
(1, 0, 5003, 'ตรวจแล้ว', 0, 1, 1, '2021-04-20 08:01:40', '2021-05-11 16:05:31'),
(1, 0, 11, '-', 0, 2, 1, '2021-04-20 08:01:40', '2021-05-11 15:39:30'),
(1, 0, 11, '-', 0, 3, 1, '2021-04-20 08:01:40', '2021-05-11 14:18:09'),
(1, 0, 40, '-', 1, 4, 1, '2021-04-20 08:01:40', '2021-05-11 16:17:10'),
(1, 0, 1, 'ทด', 0, 5, 1, '2021-04-20 08:01:40', '2021-05-12 14:45:14'),
(1, 0, 0, '-', 0, 6, 1, '2021-04-20 08:01:40', '2021-05-11 14:18:09'),
(1, 0, 0, '-', 0, 7, 1, '2021-04-20 08:01:40', '2021-05-11 14:18:09'),
(1, 0, 0, '-', 0, 8, 1, '2021-04-20 08:01:40', '2021-05-11 14:18:09'),
(1, 0, 0, '-', 0, 9, 1, '2021-04-20 08:01:40', '2021-05-11 14:18:09'),
(1, 0, 0, '-', 0, 10, 1, '2021-04-20 08:01:40', '2021-05-11 14:18:09'),
(1, 0, 0, '-', 0, 11, 1, '2021-04-20 08:01:40', '2021-05-11 14:18:09'),
(1, 0, 0, '-', 0, 12, 1, '2021-04-20 08:01:40', '2021-05-11 14:18:09'),
(82, 0, 0, 'Lorem Ipsum is simply dummy text of the printing and typesetting industry. Lorem Ipsum has been the industry\'s standard dummy text ever since the 1500s, when an unknown printer took a galley of type and scrambled it to make a type specimen book. It has survived not only five centuries, but also the leap into electronic typesetting, remaining essentially unchanged. It was popularised in the 1960s with the release of Letraset sheets containing Lorem Ipsum passages, and more recently with desktop p', 0, 1, 1, '2021-04-20 08:02:00', '2021-05-11 14:18:09'),
(82, 0, 0, '-', 0, 2, 1, '2021-04-20 08:02:00', '2021-05-11 14:18:09'),
(82, 0, 0, '-', 0, 3, 1, '2021-04-20 08:02:00', '2021-05-11 14:18:09'),
(82, 0, 5, '-', 1, 4, 1, '2021-04-20 08:02:00', '2021-05-11 16:17:10'),
(82, 0, 0, '-', 0, 5, 1, '2021-04-20 08:02:00', '2021-05-11 14:18:09'),
(82, 0, 0, '-', 0, 6, 1, '2021-04-20 08:02:00', '2021-05-11 14:18:09'),
(82, 0, 0, '-', 0, 7, 1, '2021-04-20 08:02:00', '2021-05-11 14:18:09'),
(82, 0, 0, '-', 0, 8, 1, '2021-04-20 08:02:00', '2021-05-11 14:18:09'),
(82, 0, 0, '-', 0, 9, 1, '2021-04-20 08:02:00', '2021-05-11 14:18:09'),
(82, 0, 0, '-', 0, 10, 1, '2021-04-20 08:02:00', '2021-05-11 14:18:09'),
(82, 0, 0, '-', 0, 11, 1, '2021-04-20 08:02:00', '2021-05-11 14:18:09'),
(82, 0, 0, '-', 0, 12, 1, '2021-04-20 08:02:00', '2021-05-11 14:18:09'),
(83, 0, 0, '-', 0, 1, 1, '2021-04-20 08:02:09', '2021-05-11 14:18:09'),
(83, 0, 0, '-', 0, 2, 1, '2021-04-20 08:02:09', '2021-05-11 14:18:09'),
(83, 0, 0, '-', 0, 3, 1, '2021-04-20 08:02:09', '2021-05-11 14:18:09'),
(83, 0, 9, '-', 1, 4, 1, '2021-04-20 08:02:09', '2021-05-11 15:40:58'),
(83, 0, 0, '-', 0, 5, 1, '2021-04-20 08:02:09', '2021-05-11 14:18:09'),
(83, 0, 0, '-', 0, 6, 1, '2021-04-20 08:02:09', '2021-05-11 14:18:09'),
(83, 0, 0, '-', 0, 7, 1, '2021-04-20 08:02:09', '2021-05-11 14:18:09'),
(83, 0, 0, '-', 0, 8, 1, '2021-04-20 08:02:09', '2021-05-11 14:18:09'),
(83, 0, 0, '-', 0, 9, 1, '2021-04-20 08:02:09', '2021-05-11 14:18:09'),
(83, 0, 0, '-', 0, 10, 1, '2021-04-20 08:02:09', '2021-05-11 14:18:09'),
(83, 0, 0, '-', 0, 11, 1, '2021-04-20 08:02:09', '2021-05-11 14:18:09'),
(83, 0, 0, '-', 0, 12, 1, '2021-04-20 08:02:09', '2021-05-11 14:18:09'),
(90, 0, 0, '-', 0, 1, 1, '2021-04-27 06:56:08', '2021-05-11 14:18:09'),
(90, 0, 0, '-', 0, 2, 1, '2021-04-27 06:56:08', '2021-05-11 14:18:09'),
(90, 0, 0, '-', 0, 3, 1, '2021-04-27 06:56:08', '2021-05-11 14:18:09'),
(90, 0, 2, '-', 1, 4, 1, '2021-04-27 06:56:08', '2021-05-11 16:17:10'),
(90, 0, 0, '-', 0, 5, 1, '2021-04-27 06:56:08', '2021-05-11 14:18:09'),
(90, 0, 0, '-', 0, 6, 1, '2021-04-27 06:56:08', '2021-05-11 14:18:09'),
(90, 0, 0, '-', 0, 7, 1, '2021-04-27 06:56:08', '2021-05-11 14:18:09'),
(90, 0, 0, '-', 0, 8, 1, '2021-04-27 06:56:08', '2021-05-11 14:18:09'),
(90, 0, 0, '-', 0, 9, 1, '2021-04-27 06:56:08', '2021-05-11 14:18:09'),
(90, 0, 0, '-', 0, 10, 1, '2021-04-27 06:56:08', '2021-05-11 14:18:09'),
(90, 0, 0, '-', 0, 11, 1, '2021-04-27 06:56:08', '2021-05-11 14:18:09'),
(90, 0, 0, '-', 0, 12, 1, '2021-04-27 06:56:08', '2021-05-11 14:18:09'),
(94, 0, 1, '-', 0, 1, 3, '2021-05-11 14:31:02', '2021-05-12 07:41:13'),
(94, 0, 0, '-', 0, 2, 3, '2021-05-11 14:31:02', '2021-05-11 14:31:02'),
(94, 0, 0, '-', 0, 3, 3, '2021-05-11 14:31:02', '2021-05-11 14:31:02'),
(94, 0, 0, '-', 0, 4, 3, '2021-05-11 14:31:02', '2021-05-11 14:31:02'),
(94, 0, 10, '-', 1, 5, 3, '2021-05-11 14:31:02', '2021-05-12 09:34:46'),
(94, 0, 0, '-', 0, 6, 3, '2021-05-11 14:31:02', '2021-05-11 14:31:02'),
(94, 0, 0, '-', 0, 7, 3, '2021-05-11 14:31:02', '2021-05-11 14:31:02'),
(94, 0, 0, '-', 0, 8, 3, '2021-05-11 14:31:02', '2021-05-11 14:31:02'),
(94, 0, 0, '-', 0, 9, 3, '2021-05-11 14:31:02', '2021-05-11 14:31:02'),
(94, 0, 20, '-', 0, 10, 3, '2021-05-11 14:31:02', '2021-05-12 07:41:04'),
(94, 0, 0, '-', 0, 11, 3, '2021-05-11 14:31:02', '2021-05-11 14:31:02'),
(94, 0, 0, '-', 0, 12, 3, '2021-05-11 14:31:02', '2021-05-11 14:31:02'),
(97, 0, 0, '-', 0, 1, 1, '2021-05-13 06:39:16', '2021-05-13 06:39:16'),
(97, 0, 0, '-', 0, 2, 1, '2021-05-13 06:39:16', '2021-05-13 06:39:16'),
(97, 0, 0, '-', 0, 3, 1, '2021-05-13 06:39:16', '2021-05-13 06:39:16'),
(97, 0, 89, '-', 1, 4, 1, '2021-05-13 06:39:16', '2021-05-13 06:44:28'),
(97, 0, 99, '-', 0, 5, 1, '2021-05-13 06:39:16', '2021-05-13 06:50:37'),
(97, 0, 0, '-', 0, 6, 1, '2021-05-13 06:39:16', '2021-05-13 06:39:16'),
(97, 0, 0, '-', 0, 7, 1, '2021-05-13 06:39:16', '2021-05-13 06:39:16'),
(97, 0, 0, '-', 0, 8, 1, '2021-05-13 06:39:16', '2021-05-13 06:39:16'),
(97, 0, 0, '-', 0, 9, 1, '2021-05-13 06:39:16', '2021-05-13 06:39:16'),
(97, 0, 0, '-', 0, 10, 1, '2021-05-13 06:39:16', '2021-05-13 06:39:16'),
(97, 0, 0, '-', 0, 11, 1, '2021-05-13 06:39:16', '2021-05-13 06:39:16'),
(97, 0, 0, '-', 0, 12, 1, '2021-05-13 06:39:16', '2021-05-13 06:39:16');

-- --------------------------------------------------------

--
-- โครงสร้างตาราง `unit`
--

CREATE TABLE `unit` (
  `id_unit` int(11) NOT NULL,
  `unit_name` varchar(32) NOT NULL,
  `created_at` timestamp NOT NULL DEFAULT current_timestamp(),
  `updated_at` timestamp NOT NULL DEFAULT current_timestamp() ON UPDATE current_timestamp()
) ENGINE=InnoDB DEFAULT CHARSET=utf8;

--
-- dump ตาราง `unit`
--

INSERT INTO `unit` (`id_unit`, `unit_name`, `created_at`, `updated_at`) VALUES
(1, 'รายการ', '2021-03-24 14:52:26', '2021-03-24 14:52:26'),
(2, 'ชั่วโมง', '2021-03-24 14:52:26', '2021-03-24 14:52:26'),
(3, 'บาท', '2021-03-24 14:52:26', '2021-03-24 14:52:26'),
(4, 'ครั้ง', '2021-03-24 14:52:26', '2021-03-24 14:52:26'),
(5, 'ชิ้น', '2021-03-24 14:52:26', '2021-03-24 14:52:26'),
(6, 'คน', '2021-03-24 14:52:26', '2021-03-24 14:52:26'),
(7, 'ค่าเฉลี่ย', '2021-03-24 14:52:26', '2021-03-24 14:52:26'),
(8, 'เล่ม', '2021-03-24 14:52:26', '2021-03-24 14:52:26'),
(9, 'ผู้ติดตาม', '2021-03-24 14:52:26', '2021-03-24 14:52:26');

-- --------------------------------------------------------

--
-- โครงสร้างตาราง `users`
--

CREATE TABLE `users` (
  `id` bigint(20) UNSIGNED NOT NULL,
  `name` varchar(255) COLLATE utf8mb4_unicode_ci NOT NULL,
  `email` varchar(255) COLLATE utf8mb4_unicode_ci NOT NULL,
  `email_verified_at` timestamp NULL DEFAULT NULL,
  `password` varchar(255) COLLATE utf8mb4_unicode_ci NOT NULL,
  `remember_token` varchar(100) COLLATE utf8mb4_unicode_ci DEFAULT NULL,
  `created_at` timestamp NULL DEFAULT current_timestamp(),
  `updated_at` timestamp NULL DEFAULT current_timestamp() ON UPDATE current_timestamp()
) ENGINE=InnoDB DEFAULT CHARSET=utf8mb4 COLLATE=utf8mb4_unicode_ci;

-- --------------------------------------------------------

--
-- โครงสร้างตาราง `year`
--

CREATE TABLE `year` (
  `year_id` int(11) NOT NULL,
  `year` int(11) DEFAULT NULL,
  `flag` int(1) DEFAULT NULL,
  `created_at` timestamp NULL DEFAULT current_timestamp(),
  `updated_at` timestamp NULL DEFAULT current_timestamp() ON UPDATE current_timestamp()
) ENGINE=InnoDB DEFAULT CHARSET=utf8;

--
-- dump ตาราง `year`
--

INSERT INTO `year` (`year_id`, `year`, `flag`, `created_at`, `updated_at`) VALUES
(1, 2562, 0, '2021-03-24 14:53:56', '2021-05-13 07:16:26'),
(2, 2563, 1, '2021-03-24 14:53:56', '2021-05-13 07:16:26'),
(3, 2564, 0, '2021-04-20 06:15:29', '2021-05-13 06:35:47'),
(5, 2565, 0, '2021-05-12 22:45:03', '2021-05-12 23:27:40'),
(6, 2566, 0, '2021-05-13 01:03:15', '2021-05-13 01:03:15'),
(7, 2567, 0, '2021-05-13 06:35:56', '2021-05-13 06:35:56');

--
-- Indexes for dumped tables
--

--
-- Indexes for table `access_result`
--
ALTER TABLE `access_result`
  ADD PRIMARY KEY (`access_result_id`,`indicator_result_indicator_result_ID`,`indicator_result_year_year_id`,`user_employee_all_idemployee_all`,`Employee_id_employee`,`Employee_id_position`,`Employee_id_department`);

--
-- Indexes for table `access_stratetegic`
--
ALTER TABLE `access_stratetegic`
  ADD PRIMARY KEY (`access_id`,`indicator_stratetegic_indicator_stratetegic_id`,`indicator_stratetegic_year_year_id`,`Employee_id_employee`,`Employee_id_position`,`Employee_id_department`);

--
-- Indexes for table `assign`
--
ALTER TABLE `assign`
  ADD PRIMARY KEY (`assign_id`,`indicator_id`,`Employee_id_employee`);

--
-- Indexes for table `autrority`
--
ALTER TABLE `autrority`
  ADD PRIMARY KEY (`idautrority`,`KR_idKR`,`Employee_id_employee`,`Employee_id_position`,`Employee_id_department`);

--
-- Indexes for table `department`
--
ALTER TABLE `department`
  ADD PRIMARY KEY (`id_department`);

--
-- Indexes for table `employee`
--
ALTER TABLE `employee`
  ADD PRIMARY KEY (`id_employee`,`id_position`,`id_department`);

--
-- Indexes for table `files`
--
ALTER TABLE `files`
  ADD PRIMARY KEY (`id`);

--
-- Indexes for table `indicator`
--
ALTER TABLE `indicator`
  ADD PRIMARY KEY (`indicator_id`);

--
-- Indexes for table `indicators`
--
ALTER TABLE `indicators`
  ADD PRIMARY KEY (`id`);

--
-- Indexes for table `indicator_month`
--
ALTER TABLE `indicator_month`
  ADD PRIMARY KEY (`indicator_month_id`);

--
-- Indexes for table `indicator_result`
--
ALTER TABLE `indicator_result`
  ADD PRIMARY KEY (`indicator_result_ID`);

--
-- Indexes for table `indicator_stratetegic`
--
ALTER TABLE `indicator_stratetegic`
  ADD PRIMARY KEY (`indicator_stratetegic_id`);

--
-- Indexes for table `indicator_year`
--
ALTER TABLE `indicator_year`
  ADD PRIMARY KEY (`indicator_year_id`);

--
-- Indexes for table `kr`
--
ALTER TABLE `kr`
  ADD PRIMARY KEY (`idKR`);

--
-- Indexes for table `krdetail`
--
ALTER TABLE `krdetail`
  ADD PRIMARY KEY (`idKRdetail`);

--
-- Indexes for table `list_item`
--
ALTER TABLE `list_item`
  ADD PRIMARY KEY (`id_item`);

--
-- Indexes for table `migrations`
--
ALTER TABLE `migrations`
  ADD PRIMARY KEY (`id`);

--
-- Indexes for table `mwallet_user`
--
ALTER TABLE `mwallet_user`
  ADD PRIMARY KEY (`user_id`);

--
-- Indexes for table `nodejs_api`
--
ALTER TABLE `nodejs_api`
  ADD PRIMARY KEY (`id`);

--
-- Indexes for table `object`
--
ALTER TABLE `object`
  ADD PRIMARY KEY (`idobject`);

--
-- Indexes for table `position_list`
--
ALTER TABLE `position_list`
  ADD PRIMARY KEY (`id_position`);

--
-- Indexes for table `priority`
--
ALTER TABLE `priority`
  ADD PRIMARY KEY (`id_item`,`id_employee`);

--
-- Indexes for table `result`
--
ALTER TABLE `result`
  ADD PRIMARY KEY (`result_ID`);

--
-- Indexes for table `sessions`
--
ALTER TABLE `sessions`
  ADD PRIMARY KEY (`id`);

--
-- Indexes for table `status_code`
--
ALTER TABLE `status_code`
  ADD PRIMARY KEY (`id_status`);

--
-- Indexes for table `stratetegic`
--
ALTER TABLE `stratetegic`
  ADD PRIMARY KEY (`stratetegic_ID`);

--
-- Indexes for table `summary`
--
ALTER TABLE `summary`
  ADD PRIMARY KEY (`id_item`,`month`,`year_id`);

--
-- Indexes for table `transaction`
--
ALTER TABLE `transaction`
  ADD PRIMARY KEY (`id_item`,`month`,`year_year_id`);

--
-- Indexes for table `unit`
--
ALTER TABLE `unit`
  ADD PRIMARY KEY (`id_unit`);

--
-- Indexes for table `users`
--
ALTER TABLE `users`
  ADD PRIMARY KEY (`id`);

--
-- Indexes for table `year`
--
ALTER TABLE `year`
  ADD PRIMARY KEY (`year_id`);

--
-- AUTO_INCREMENT for dumped tables
--

--
-- AUTO_INCREMENT for table `access_result`
--
ALTER TABLE `access_result`
  MODIFY `access_result_id` int(11) NOT NULL AUTO_INCREMENT, AUTO_INCREMENT=50;

--
-- AUTO_INCREMENT for table `access_stratetegic`
--
ALTER TABLE `access_stratetegic`
  MODIFY `access_id` int(11) NOT NULL AUTO_INCREMENT, AUTO_INCREMENT=20;

--
-- AUTO_INCREMENT for table `assign`
--
ALTER TABLE `assign`
  MODIFY `assign_id` int(11) NOT NULL AUTO_INCREMENT, AUTO_INCREMENT=76;

--
-- AUTO_INCREMENT for table `autrority`
--
ALTER TABLE `autrority`
  MODIFY `idautrority` int(11) NOT NULL AUTO_INCREMENT, AUTO_INCREMENT=102;

--
-- AUTO_INCREMENT for table `department`
--
ALTER TABLE `department`
  MODIFY `id_department` int(11) NOT NULL AUTO_INCREMENT, AUTO_INCREMENT=13;

--
-- AUTO_INCREMENT for table `employee`
--
ALTER TABLE `employee`
  MODIFY `id_employee` int(11) NOT NULL AUTO_INCREMENT, AUTO_INCREMENT=56;

--
-- AUTO_INCREMENT for table `indicator`
--
ALTER TABLE `indicator`
  MODIFY `indicator_id` int(11) NOT NULL AUTO_INCREMENT, AUTO_INCREMENT=83;

--
-- AUTO_INCREMENT for table `indicator_month`
--
ALTER TABLE `indicator_month`
  MODIFY `indicator_month_id` int(11) NOT NULL AUTO_INCREMENT, AUTO_INCREMENT=482;

--
-- AUTO_INCREMENT for table `indicator_result`
--
ALTER TABLE `indicator_result`
  MODIFY `indicator_result_ID` int(11) NOT NULL AUTO_INCREMENT, AUTO_INCREMENT=61;

--
-- AUTO_INCREMENT for table `indicator_stratetegic`
--
ALTER TABLE `indicator_stratetegic`
  MODIFY `indicator_stratetegic_id` int(11) NOT NULL AUTO_INCREMENT, AUTO_INCREMENT=55;

--
-- AUTO_INCREMENT for table `indicator_year`
--
ALTER TABLE `indicator_year`
  MODIFY `indicator_year_id` int(11) NOT NULL AUTO_INCREMENT, AUTO_INCREMENT=37;

--
-- AUTO_INCREMENT for table `kr`
--
ALTER TABLE `kr`
  MODIFY `idKR` int(11) NOT NULL AUTO_INCREMENT, AUTO_INCREMENT=88;

--
-- AUTO_INCREMENT for table `krdetail`
--
ALTER TABLE `krdetail`
  MODIFY `idKRdetail` int(11) NOT NULL AUTO_INCREMENT, AUTO_INCREMENT=1033;

--
-- AUTO_INCREMENT for table `list_item`
--
ALTER TABLE `list_item`
  MODIFY `id_item` int(11) NOT NULL AUTO_INCREMENT, AUTO_INCREMENT=98;

--
-- AUTO_INCREMENT for table `mwallet_user`
--
ALTER TABLE `mwallet_user`
  MODIFY `user_id` int(11) NOT NULL AUTO_INCREMENT, AUTO_INCREMENT=3;

--
-- AUTO_INCREMENT for table `nodejs_api`
--
ALTER TABLE `nodejs_api`
  MODIFY `id` int(11) NOT NULL AUTO_INCREMENT, AUTO_INCREMENT=7;

--
-- AUTO_INCREMENT for table `object`
--
ALTER TABLE `object`
  MODIFY `idobject` int(11) NOT NULL AUTO_INCREMENT, AUTO_INCREMENT=21;

--
-- AUTO_INCREMENT for table `position_list`
--
ALTER TABLE `position_list`
  MODIFY `id_position` int(11) NOT NULL AUTO_INCREMENT, AUTO_INCREMENT=10;

--
-- AUTO_INCREMENT for table `result`
--
ALTER TABLE `result`
  MODIFY `result_ID` int(11) NOT NULL AUTO_INCREMENT, AUTO_INCREMENT=613;

--
-- AUTO_INCREMENT for table `status_code`
--
ALTER TABLE `status_code`
  MODIFY `id_status` int(11) NOT NULL AUTO_INCREMENT, AUTO_INCREMENT=4;

--
-- AUTO_INCREMENT for table `stratetegic`
--
ALTER TABLE `stratetegic`
  MODIFY `stratetegic_ID` int(11) NOT NULL AUTO_INCREMENT, AUTO_INCREMENT=313;

--
-- AUTO_INCREMENT for table `unit`
--
ALTER TABLE `unit`
  MODIFY `id_unit` int(11) NOT NULL AUTO_INCREMENT, AUTO_INCREMENT=10;

--
-- AUTO_INCREMENT for table `year`
--
ALTER TABLE `year`
  MODIFY `year_id` int(11) NOT NULL AUTO_INCREMENT, AUTO_INCREMENT=8;
COMMIT;

/*!40101 SET CHARACTER_SET_CLIENT=@OLD_CHARACTER_SET_CLIENT */;
/*!40101 SET CHARACTER_SET_RESULTS=@OLD_CHARACTER_SET_RESULTS */;
/*!40101 SET COLLATION_CONNECTION=@OLD_COLLATION_CONNECTION */;
